115 000 $,2 комнаты,1575 $ за м²,21 из 25,год постройки2015,кирпичные,73 / 37 / 15 м²,ул.  Малиновского, 4в
75 000 $,3 комнаты,680 $ за м²,11 из 25,*** not found ,*** not found ,110.27 / 58 / - м²,ул. Семьи Сосниных,
140 000 $,3 комнаты,1400 $ за м²,5 из 18,год постройки2011,монолитно-каркасные,100 / 56 / 18 м²,просп. Лобановского (Краснозвездный), 150в
140 000 $,2 комнаты,2414 $ за м²,5 из 5,год постройки1902,кирпичные,58 / 32 / 8 м²,ул. Руставели,36
160 000 $,2 комнаты,2025 $ за м²,2 из 10,год постройки2014,монолитно-каркасные,79 / 36 / 12 м²,ул. Ломоносова, 71д
870 000 $,3 комнаты,6273 $ за м²,2 из 22,год постройки2009,монолитно-каркасные,138.7 / 77.6 / 18 м²,ул. Институтская, 18а
14 883 863 грн,5 комнат,73 902 грн за м²,21 из 23,год постройки2018,монолитно-каркасные,201.4 / 115 / 25 м²,ул. Антоновича (Горького),74
220 000 $,2 комнаты,2529 $ за м²,4 из 23,год постройки2012,монолитно-каркасные,87 / 43 / 21 м²,Днепровская наб., 14б
133 000 $,1 комната,3325 $ за м²,6 из 20,год постройки2017,монолитно-каркасные,40 / 10 / 19 м²,ул. Предславинская,53
69 000 $,2 комнаты,1353 $ за м²,2 из 9,год постройки1980,кирпичные,51 / 29 / 8 м²,ул. Коперника, 16б
169 999 $,1 комната,3542 $ за м²,8 из 19,год постройки2012,монолитно-каркасные,48 / 20 / 17 м²,ул. Драгомирова,12
212 000 $,2 комнаты,2494 $ за м²,2 из 17,*** not found ,кирпичные,85 / 40.1 / 14.8 м²,ул. Драгомирова,
83 500 $,2 комнаты,1099 $ за м²,13 из 25,год постройки2018,монолитно-каркасные,76 / 33.4 / 15.6 м²,ул. Ревуцкого, 40г
75 000 $,2 комнаты,1339 $ за м²,12 из 12,год постройки1985,кирпичные,56 / 32.9 / 8.2 м²,ул. Пожарского, 8а
65 000 $,1 комната,1711 $ за м²,12 из 25,год постройки2017,панельные,38 / 16 / 12 м²,ул. Гмыри, 12б
82 000 $,3 комнаты,1171 $ за м²,5 из 9,год постройки1981,утепленная панель,70 / 44 / 8.5 м²,ул. Приозерная, 6а
207 000 $,3 комнаты,2010 $ за м²,16 из 18,год постройки2016,монолитно-каркасные,103 / 63 / 15 м²,ул. Коперника,3
51 990 $,2 комнаты,921 $ за м²,4 из 6,*** not found ,<span>6 декабря 2019 г.</span>,56.44 / 29 / 10.24 м²,ул. Стеценко,
57 999 $,3 комнаты,841 $ за м²,3 из 10,год постройки1987,утепленная панель,69 / 42 / 7.4 м²,ул. Каштановая,5
57 000 $,2 комнаты,1203 $ за м²,21 из 24,*** not found ,<span>18 января</span>,47.39 / 16.21 / 17.03 м²,просп. Правды,
95 000 $,1 комната,1900 $ за м²,3 из 23,год постройки2016,монолитно-каркасные,50 / 28 / 20 м²,ул. Трускавецкая, 4б
50 000 $,3 комнаты,781 $ за м²,8 из 9,год постройки1976,*** not found ,64 / 45 / 8 м²,ул. Наумова, 37а
95 000 $,4 комнаты,990 $ за м²,5 из 5,год постройки1960,кирпичные,96 / 64 / 8.4 м²,просп. Лобановского (Краснозвездный),53
46 860 $,2 комнаты,1019 $ за м²,5 из 5,год постройки1966,блочные,46 / 32 / 7 м²,ул. Салютная,8
38 500 $,2 комнаты,875 $ за м²,3 из 5,год постройки1964,панельные,44 / 28 / 6 м²,ул. Василенко, 23б
110 000 $,3 комнаты,1100 $ за м²,7 из 12,год постройки2008,монолитно-каркасные,100 / 50 / 20 м²,просп. Палладина, 25а
269 000 $,5 комнат,1121 $ за м²,14 из 15,*** not found ,<span>14 октября 2020 г.</span>,240 / 125 / 26 м²,ул. Мит. А. Шептицкого (Анатолия Луначарского),
1 983 000 грн,2 комнаты,27 503 грн за м²,6 из 25,*** not found ,<span>22 октября 2020 г.</span>,72.1 / 35.59 / 12.84 м²,Балтийский пер.,
119 000 $,2 комнаты,1587 $ за м²,19 из 25,год постройки2007,монолитно-каркасные,75 / 35 / 15 м²,Днепровская наб.,26
210 000 $,3 комнаты,2692 $ за м²,1 из 5,год постройки1916,кирпичные,78 / 50 / 10 м²,ул. Станиславского,3
310 000 $,3 комнаты,2460 $ за м²,7 из 16,*** not found ,кирпичные,126 / 64.6 / 20.8 м²,ул. Драгомирова,
93 000 $,3 комнаты,1000 $ за м²,12 из 18,*** not found ,<span>2 ноября 2020 г.</span>,93 / 50 / 13 м²,просп. Правды,
98 000 $,2 комнаты,1556 $ за м²,6 из 16,год постройки2013,панельные,63 / 32 / 12 м²,ул. Максимовича (Онуфрия Трутенко), 7в
78 000 $,2 комнаты,1773 $ за м²,1 из 4,год постройки2019,монолитно-каркасные,44 / 25 / 4 м²,ЖК PARKLAND,
68 000 $,2 комнаты,1001 $ за м²,24 из 26,*** not found ,*** not found ,67.92 / 28.54 / 17.16 м²,ул. Причальная,
77 000 $,1 комната,1481 $ за м²,11 из 17,год постройки2009,монолитно-каркасные,52 / 21 / 14 м²,просп. Победы (Брест-Литовский),125
176 000 $,3 комнаты,1778 $ за м²,5 из 25,год постройки2017,монолитно-каркасные,99 / 48.1 / 15.3 м²,ул. Богдановская, 7в
5 572 000 грн,3 комнаты,58 042 грн за м²,9 из 12,*** not found ,кирпичные,96 / 50 / 17 м²,Тверской туп.,
129 000 $,3 комнаты,1985 $ за м²,3 из 4,*** not found ,*** not found ,65 м²,ул. Набережно-Крещатицкая,
136 000 $,2 комнаты,2720 $ за м²,15 из 25,год постройки2016,монолитно-каркасные,50 / - / 21 м²,ул. Липковского (Урицкого), 16в
71 000 $,3 комнаты,934 $ за м²,3 из 9,год постройки1986,утепленная панель,76 / 41 / 9 м²,просп. Правды,8
108 000 $,1 комната,2384 $ за м²,15 из 25,год постройки2019,монолитно-каркасные,45.3 м²,Днепровская наб., 16г
175 000 $,4 комнаты,1768 $ за м²,9 из 9,год постройки1977,кирпичные,99 / 50 / 25 м²,ул. Тютюнника (Анри Барбюса), 5б
45 006 $,3 комнаты,602 $ за м²,17 из 17,*** not found ,<span>31 января</span>,74.7 / 53.2 / - м²,3-комнатная квартира 74,
78 000 $,2 комнаты,1322 $ за м²,22 из 25,год постройки2018,монолитно-каркасные,59 м²,просп. Правды, 41д
65 000 $,3 комнаты,890 $ за м²,1 из 9,год постройки1983,утепленная панель,73 / 42 / 8 м²,ул. Закревского, 39а
3 396 000 грн,2 комнаты,54 774 грн за м²,14 из 25,*** not found ,<span>25 ноября 2020 г.</span>,62 / - / 20 м²,Тверской туп.,
68 899 $,3 комнаты,907 $ за м²,5 из 5,год постройки1963,кирпичные,76 / 50 / 10 м²,ул. Туполева, 16ж
205 000 $,2 комнаты,2697 $ за м²,12 из 23,год постройки2014,монолитно-каркасные,76 / 20 / 6 м²,ул. Глубочицкая, 32а
211 000 $,3 комнаты,1005 $ за м²,4-этажный дом,год постройки1906,кирпичные,210 / 69 / 15 м²,ул. Сечевых Стрельцов (Артёма),10
36 500 $,1 комната,1106 $ за м²,5 из 5,год постройки1962,кирпичные,33 / 18 / 7 м²,ул. Вышгородская,44
3 176 715 грн,1 комната,47 556 грн за м²,16 из 26,*** not found ,*** not found ,66.8 / 17.96 / 10.36 м²,ул. Бойчука (Киквидзе),
155 000 $,2 комнаты,2500 $ за м²,14 из 24,год постройки2017,монолитно-каркасные,62 / 40 / 10 м²,ул. Предславинская,57
109 000 $,3 комнаты,1068 $ за м²,13 из 25,год постройки2009,монолитно-каркасные,102.1 / 65.8 / 13.9 м²,ул. Вадима  Гетьмана, 1а
120 000 $,3 комнаты,1091 $ за м²,3 из 16,год постройки2002,утепленная панель,110 / 54 / 13 м²,ул. Драгоманова,12
55 000 $,2 комнаты,1078 $ за м²,10 из 10,год постройки1990,утепленная панель,51 / 31 / 8 м²,ул. Нежинская,7
48 000 $,2 комнаты,1091 $ за м²,7 из 9,год постройки1971,кирпичные,44 / 30 / 7 м²,ул. Кучера,8
235 000 $,2 комнаты,2582 $ за м²,6 из 24,год постройки2010,монолитно-каркасные,91 / 44 / 21 м²,просп. Голосеевский (40-летия Октября),62
41 000 $,1 комната,1464 $ за м²,9 из 9,год постройки1969,*** not found ,28 / 17 / 5 м²,ул. Ильенко (Мельникова),83
143 000 $,1 комната,2554 $ за м²,10 из 11,*** not found ,<span>7 декабря 2020 г.</span>,56 м²,ул. Бойчука (Киквидзе),
65 000 $,3 комнаты,966 $ за м²,9 из 9,год постройки1983,кирпичные,67.3 / 39.7 / 7 м²,ул. Половецкая,16
500 000 $,3 комнаты,5000 $ за м²,2 из 5,год постройки1892,кирпичные,100 / 45 / 30 м²,ул. Владимирская,45
94 000 $,3 комнаты,1146 $ за м²,3 из 5,*** not found ,кирпичные,82 / 50 / 11 м²,ул. Гончара,77
280 000 $,3 комнаты,2295 $ за м²,3 из 24,год постройки2006,монолитно-каркасные,122 м²,ул. Антоновича (Горького),72
67 500 $,1 комната,1500 $ за м²,5 из 9,год постройки2017,монолитно-каркасные,45 / 19 / 15 м²,ул. Метрологическая, 7б
72 000 $,2 комнаты,960 $ за м²,*** not found ,*** not found ,монолитно-каркасные,75 м²,ул. Калнышевского (Михаила Майорова),7
54 000 $,1 комната,1588 $ за м²,29 из 33,*** not found ,<span>26 января</span>,34 / - / 18 м²,ул. Заречная,
74 000 $,2 комнаты,1609 $ за м²,2 из 8,*** not found ,*** not found ,46 / 30 / 6 м²,просп. Тычины,
130 000 $,2 комнаты,1300 $ за м²,16 из 24,год постройки2008,монолитно-каркасные,100 / 46.7 / 17 м²,ул. Саперно-Слободская,22
110 000 $,3 комнаты,1111 $ за м²,4 из 25,год постройки2010,монолитно-каркасные,99 / 60 / 15 м²,просп. Комарова,26
180 000 $,3 комнаты,2400 $ за м²,3 из 8,год постройки1990,кирпичные,75 / 41 / 9 м²,ул. Б. Житомирская,27
69 000 $,2 комнаты,1113 $ за м²,21 из 25,год постройки2018,монолитно-каркасные,62 м²,ул. Каховская,60
205 000 $,2 комнаты,2697 $ за м²,12 из 23,год постройки2014,монолитно-каркасные,76 / 20 / 6 м²,ул. Глубочицкая, 32а
211 000 $,3 комнаты,1005 $ за м²,4-этажный дом,год постройки1906,кирпичные,210 / 69 / 15 м²,ул. Сечевых Стрельцов (Артёма),10
36 500 $,1 комната,1106 $ за м²,5 из 5,год постройки1962,кирпичные,33 / 18 / 7 м²,ул. Вышгородская,44
3 176 715 грн,1 комната,47 556 грн за м²,16 из 26,*** not found ,*** not found ,66.8 / 17.96 / 10.36 м²,ул. Бойчука (Киквидзе),
155 000 $,2 комнаты,2500 $ за м²,14 из 24,год постройки2017,монолитно-каркасные,62 / 40 / 10 м²,ул. Предславинская,57
109 000 $,3 комнаты,1068 $ за м²,13 из 25,год постройки2009,монолитно-каркасные,102.1 / 65.8 / 13.9 м²,ул. Вадима  Гетьмана, 1а
120 000 $,3 комнаты,1091 $ за м²,3 из 16,год постройки2002,утепленная панель,110 / 54 / 13 м²,ул. Драгоманова,12
55 000 $,2 комнаты,1078 $ за м²,10 из 10,год постройки1990,утепленная панель,51 / 31 / 8 м²,ул. Нежинская,7
48 000 $,2 комнаты,1091 $ за м²,7 из 9,год постройки1971,кирпичные,44 / 30 / 7 м²,ул. Кучера,8
235 000 $,2 комнаты,2582 $ за м²,6 из 24,год постройки2010,монолитно-каркасные,91 / 44 / 21 м²,просп. Голосеевский (40-летия Октября),62
41 000 $,1 комната,1464 $ за м²,9 из 9,год постройки1969,*** not found ,28 / 17 / 5 м²,ул. Ильенко (Мельникова),83
143 000 $,1 комната,2554 $ за м²,10 из 11,*** not found ,<span>7 декабря 2020 г.</span>,56 м²,ул. Бойчука (Киквидзе),
65 000 $,3 комнаты,966 $ за м²,9 из 9,год постройки1983,кирпичные,67.3 / 39.7 / 7 м²,ул. Половецкая,16
500 000 $,3 комнаты,5000 $ за м²,2 из 5,год постройки1892,кирпичные,100 / 45 / 30 м²,ул. Владимирская,45
94 000 $,3 комнаты,1146 $ за м²,3 из 5,*** not found ,кирпичные,82 / 50 / 11 м²,ул. Гончара,77
280 000 $,3 комнаты,2295 $ за м²,3 из 24,год постройки2006,монолитно-каркасные,122 м²,ул. Антоновича (Горького),72
67 500 $,1 комната,1500 $ за м²,5 из 9,год постройки2017,монолитно-каркасные,45 / 19 / 15 м²,ул. Метрологическая, 7б
72 000 $,2 комнаты,960 $ за м²,*** not found ,*** not found ,монолитно-каркасные,75 м²,ул. Калнышевского (Михаила Майорова),7
54 000 $,1 комната,1588 $ за м²,29 из 33,*** not found ,<span>26 января</span>,34 / - / 18 м²,ул. Заречная,
74 000 $,2 комнаты,1609 $ за м²,2 из 8,*** not found ,*** not found ,46 / 30 / 6 м²,просп. Тычины,
130 000 $,2 комнаты,1300 $ за м²,16 из 24,год постройки2008,монолитно-каркасные,100 / 46.7 / 17 м²,ул. Саперно-Слободская,22
110 000 $,3 комнаты,1111 $ за м²,4 из 25,год постройки2010,монолитно-каркасные,99 / 60 / 15 м²,просп. Комарова,26
180 000 $,3 комнаты,2400 $ за м²,3 из 8,год постройки1990,кирпичные,75 / 41 / 9 м²,ул. Б. Житомирская,27
69 000 $,2 комнаты,1113 $ за м²,21 из 25,год постройки2018,монолитно-каркасные,62 м²,ул. Каховская,60
120 000 $,3 комнаты,1667 $ за м²,6 из 6,год постройки1994,кирпичные,72 / 42 / 16 м²,ул. Оболонская,47
150 000 $,3 комнаты,1290 $ за м²,7 из 22,год постройки2016,монолитно-каркасные,116.3 / 58 / 24 м²,ул. Красноткацкая, 4/39а
750 000 $,4 комнаты,4717 $ за м²,10,год постройки2014,монолитно-каркасные,159 м²,ул. Драгомирова,20
75 000 $,3 комнаты,987 $ за м²,2 из 5,год постройки1959,кирпичные,76 / 58 / 9 м²,ул. Автозаводская, 27в
53 000 $,1 комната,1120 $ за м²,5 из 16,год постройки1990,утепленная панель,47.32 / 27 / 9 м²,ул. Тираспольская,
42 500 $,2 комнаты,966 $ за м²,2 из 5,год постройки1962,кирпичные,44 / 30 / 7 м²,ул. Щербаковского (Щербакова), 68а
103 000 $,3 комнаты,1084 $ за м²,2 из 13,год постройки2017,монолитно-каркасные,95 / 45 / 20 м²,просп. Правды,45
650 000 $,5 комнат,2708 $ за м²,23 из 23,год постройки2013,монолитно-каркасные,240 / 180 / 20 м²,просп. Голосеевский (40-летия Октября),60
56 000 $,1 комната,1556 $ за м²,2 из 15,*** not found ,<span>20 февраля 2020 г.</span>,36 / 21 / 14 м²,ул. Максимовича (Онуфрия Трутенко),
90 000 $,1 комната,1800 $ за м²,7 из 25,год постройки1969,кирпичные,50 / - / 20 м²,ул. Бойчука (Киквидзе),41
77 000 $,2 комнаты,1085 $ за м²,11 из 16,*** not found ,<span>28 декабря 2020 г.</span>,71 / 32 / 17 м²,ул. Тираспольская,
115 000 $,2 комнаты,1901 $ за м²,4 из 5,год постройки2020,*** not found ,60.51 / 16 / 24.9 м²,ул. Университетская,
120 000 $,2 комнаты,1488 $ за м²,6 из 22,*** not found ,<span>22 сентября 2019 г.</span>,80.66 / 42 / 19.8 м²,просп. Оболонский,
130 000 $,3 комнаты,1057 $ за м²,9 из 27,год постройки2004,монолитно-каркасные,123 / 75 / 15 м²,ул. Ахматовой, 13г
85 000 $,2 комнаты,1149 $ за м²,4 из 22,год постройки2008,утепленная панель,74 / 29.5 / 14.4 м²,просп. Правды, 31а
140 000 $,2 комнаты,1728 $ за м²,18 из 25,год постройки2018,монолитно-каркасные,81 / 31 / 25 м²,ул. Заречная, 2к2
45 500 $,1 комната,1058 $ за м²,5 из 25,год постройки2013,утепленная панель,43 / 18 / 10 м²,ул. Закревского,97
63 232 $,3 комнаты,753 $ за м²,3 из 18,*** not found ,<span>12 февраля</span>,84 / 40 / 8.9 м²,ул. Бориспольская,
95 000 $,2 комнаты,2065 $ за м²,3 из 24,год постройки2017,монолитно-каркасные,46 м²,ул. Герцена,35
55 000 $,1 комната,1000 $ за м²,5 из 24,год постройки2020,панельные,55 / 18 / 12 м²,Балтийский пер.,
186 900 $,3 комнаты,1374 $ за м²,23 из 25,год постройки2011,монолитно-каркасные,136 / 80 / 16 м²,ул. Шаповала (Механизаторов), 2а
34 200 $,1 комната,1605 $ за м²,3 из 28,*** not found ,*** not found ,21.31 / 15 / 5 м²,ул. Глубочицкая,
234 899 $,3 комнаты,1727 $ за м²,8 из 9,год постройки2018,*** not found ,136 / 50 / 34 м²,ул. Салютная,
55 000 $,1 комната,1341 $ за м²,9 из 25,год постройки2019,монолитно-каркасные,41 / - / 10 м²,ул. Ревуцкого,
136 000 $,2 комнаты,1915 $ за м²,3 из 10,год постройки2019,монолитно-каркасные,71 / 33.1 / 14.9 м²,ул. Набережно-Рыбальская,3
139 000 $,2 комнаты,2439 $ за м²,3 из 6,год постройки1957,кирпичные,57 / 20 / 33 м²,Марьяненко пер., 11/12
210 000 $,3 комнаты,1409 $ за м²,7 из 12,год постройки2001,кирпичные,149 / 87 / 16 м²,ул. Павловская,18
195 000 $,1 комната,3900 $ за м²,5 из 16,год постройки2017,монолитно-каркасные,50 / 17 / 15 м²,ул. Саперное Поле,3
119 000 $,3 комнаты,1587 $ за м²,3 из 25,год постройки2018,панельные,75 / 46 / 11 м²,ул. Русовой, 5б
410 000 $,3 комнаты,4457 $ за м²,11 из 26,год постройки2013,монолитно-каркасные,92 м²,ул. Драгомирова,16
93 000 $,2 комнаты,1550 $ за м²,17 из 22,год постройки2007,утепленная панель,60 / 30 / 11.1 м²,ул. Яблонской,6
137 634 $,2 комнаты,1939 $ за м²,19 из 19,*** not found ,*** not found ,70.99 / 47.72 / 11.26 м²,ул. Гончара,
115 000 $,2 комнаты,1901 $ за м²,4 из 5,год постройки2020,*** not found ,60.51 / 16 / 24.9 м²,ул. Университетская,
85 000 $,1 комната,1545 $ за м²,19 из 25,*** not found ,<span>6 июня 2020 г.</span>,55 / - / 16 м²,Днепровская наб.,
130 000 $,3 комнаты,1566 $ за м²,6 из 10,год постройки2013,монолитно-каркасные,83 / 48 / 12 м²,ул. Регенераторная, 4к4
113 000 $,1 комната,2055 $ за м²,4 из 20,год постройки2015,монолитно-каркасные,55 / 20 / 14 м²,ул. Демеевская,14
39 500 $,1 комната,1097 $ за м²,23 из 25,*** not found ,<span>4 ноября 2020 г.</span>,36 / - / 10 м²,ул. Новополевая,
68 000 $,3 комнаты,1046 $ за м²,9 из 9,год постройки1963,кирпичные,65 / 40 / 8 м²,ул. Бастионная, 1/36
155 000 $,3 комнаты,1384 $ за м²,3 из 25,год постройки2019,монолитно-каркасные,112 / 43 / 26 м²,ул.  Сверстюка (Марины Расковой),6
110 000 $,2 комнаты,2200 $ за м²,3 из 3,год постройки2013,монолитно-каркасные,50 / 32.1 / 10 м²,просп. Героев Сталинграда, 2д
75 000 $,2 комнаты,1103 $ за м²,12 из 24,*** not found ,<span>18 февраля</span>,68 / 28.78 / 19.58 м²,просп. Правды,
142 000 $,3 комнаты,1671 $ за м²,2 из 15,год постройки2018,монолитно-каркасные,85 / 42 / 18 м²,просп. Правды,43
80 000 $,2 комнаты,1569 $ за м²,6 из 9,год постройки1981,утепленная панель,51 / 30 / 7 м²,просп. Героев Сталинграда,26
43 000 $,2 комнаты,935 $ за м²,4 из 4,*** not found ,<span>30 июня 2020 г.</span>,46 / 22 / 16 м²,ул. Яблочная,
248 000 $,5 комнат,1198 $ за м²,10 из 14,год постройки2015,монолитно-каркасные,207 / 95 / 48 м²,ул. Коновальца (Щорса), 36е
280 000 $,3 комнаты,2154 $ за м²,8 из 11,год постройки2005,монолитно-каркасные,130 / 73 / 14 м²,просп. Героев Сталинграда,4
209 000 $,2 комнаты,2580 $ за м²,2 из 10,год постройки2003,монолитно-каркасные,81 / 40 / 15 м²,ул. Мирного,14
58 990 $,1 комната,1439 $ за м²,3 из 32,*** not found ,<span>6 мая 2020 г.</span>,41 / 13 / 17 м²,ул.  Заболотного,
111 000 $,1 комната,2220 $ за м²,23 из 25,год постройки2019,монолитно-каркасные,50 / 29 / 21 м²,ул.  Сверстюка (Марины Расковой),6
97 000 $,3 комнаты,1796 $ за м²,2 из 9,год постройки1971,кирпичные,54 / 41 / 6 м²,ул. Предславинская,14
68 000 $,3 комнаты,819 $ за м²,7 из 25,*** not found ,*** not found ,83 / - / 13 м²,ул.  Заболотного,
184 900 $,3 комнаты,2283 $ за м²,3 из 13,год постройки1980,кирпичные,81 / 50 / 9 м²,ул. Омельяновича-Павленко (Суворова),11
61 500 $,2 комнаты,1398 $ за м²,3 из 5,год постройки1959,кирпичные,44 / 30 / 6 м²,ул. Ереванская,15
111 000 $,3 комнаты,1233 $ за м²,2 из 25,год постройки2014,монолитно-каркасные,90 / 47 / 14 м²,ул. Чавдар,4
190 700 $,2 комнаты,2414 $ за м²,11 из 11,*** not found ,*** not found ,79 / - / 14 м²,ул. Бойчука (Киквидзе),
53 000 $,1 комната,1233 $ за м²,21 из 24,*** not found ,*** not found ,43 / 13.61 / 16.84 м²,просп. Правды,
69 000 $,2 комнаты,1353 $ за м²,2 из 9,год постройки1980,кирпичные,51 / 29 / 8 м²,ул. Коперника, 16б
169 000 $,4 комнаты,1340 $ за м²,7 из 8,год постройки2019,монолитно-каркасные,126.1 / 75.2 / 17 м²,ул. Лебедева,
95 000 $,2 комнаты,1730 $ за м²,10 из 16,год постройки1993,утепленная панель,54.9 / 29 / 8.5 м²,ул. Драгоманова, 40а
110 000 $,3 комнаты,1000 $ за м²,13 из 18,год постройки2003,монолитно-каркасные,110 / 52 / 13 м²,ул. Ахматовой,31
5 880 000 грн,5 комнат,55 472 грн за м²,22 из 25,год постройки2017,монолитно-каркасные,106 / 46.5 / 34.2 м²,просп. Голосеевский (40-летия Октября), 95а
99 999 $,3 комнаты,1389 $ за м²,5 из 22,год постройки1996,кирпичные,72 / 47 / 9 м²,ул. Панельная,3
327 000 $,4 комнаты,2680 $ за м²,17 из 20,*** not found ,<span>9 февраля</span>,122 м²,ул. Сечевых Стрельцов (Артёма),
85 000 $,2 комнаты,1269 $ за м²,13 из 34,*** not found ,<span>21 января</span>,67 / - / 12 м²,ул.  Заболотного,
790 000 $,6 комнат,2894 $ за м²,6 из 6,год постройки1914,кирпичные,273 / 240 / 27 м²,ул. Богомольца,5
95 000 $,3 комнаты,1145 $ за м²,11 из 16,год постройки2005,кирпичные,83 / 48 / 13 м²,просп. Палладина, 18/30
70 000 $,1 комната,1556 $ за м²,9 из 16,*** not found ,<span>27 января</span>,45 / 17 / 13 м²,просп. Победы (Брест-Литовский),
2 352 122 грн,3 комнаты,31 530 грн за м²,1 из 4,*** not found ,*** not found ,74.6 м²,ул. Богатырская,
807 000 грн,1 комната,30 000 грн за м²,1 из 5,*** not found ,<span>29 июля 2020 г.</span>,26.9 м²,ул. Красноткацкая,
77 000 $,1 комната,1571 $ за м²,17 из 26,*** not found ,*** not found ,49 / 15 / 25 м²,ул. Заречная,
75 000 $,2 комнаты,892 $ за м²,11 из 11,год постройки1999,монолитно-каркасные,84.1 / 41.8 / 9.4 м²,просп. Бажана,30
480 000 $,4 комнаты,2623 $ за м²,4 из 5,год постройки2007,кирпичные,183 / 103 / 42 м²,ул. Воздвиженская, 28-30
70 000 $,1 комната,1449 $ за м²,10 из 24,год постройки2009,монолитно-каркасные,48.3 / 20.8 / 11 м²,ул. Градинская,7
205 000 $,2 комнаты,2697 $ за м²,12 из 23,год постройки2014,монолитно-каркасные,76 / 20 / 6 м²,ул. Глубочицкая, 32а
499 990 $,3 комнаты,3125 $ за м²,5 из 11,год постройки2005,монолитно-каркасные,160 м²,ул. Тургеневская, 28а/30а
52 000 $,1 комната,1274 $ за м²,5 из 16,год постройки2017,монолитно-каркасные,40.82 / 10.28 / 15.42 м²,ул. Тираспольская,60
93 000 $,1 комната,1563 $ за м²,7 из 14,год постройки2007,кирпичные,59.5 / 26.9 / 13.9 м²,ул. Ломоносова,54
117 000 $,3 комнаты,1603 $ за м²,9 из 16,*** not found ,*** not found ,73 / 29 / 11 м²,ул. Гречко,
53 900 $,1 комната,1152 $ за м²,23 из 25,*** not found ,<span>21 декабря 2020 г.</span>,46.79 / 14.6 / 18.43 м²,просп. Правды,
58 000 $,1 комната,1318 $ за м²,15 из 24,год постройки2015,панельные,44 / 18 / 13 м²,ул. Ломоносова, 34а
159 000 $,2 комнаты,2120 $ за м²,12 из 25,*** not found ,кирпичные,75 / 35.6 / 17.3 м²,ул. Алмазова (Кутузова),
116 000 $,2 комнаты,1933 $ за м²,22 из 26,год постройки2014,монолитно-каркасные,60 / 21 / 15 м²,просп. Лобановского (Краснозвездный), 6а
42 000 $,1 комната,1235 $ за м²,6 из 9,год постройки1977,кирпичные,34 / 18 / 7 м²,ул. Наумова, 23а
55 500 $,3 комнаты,854 $ за м²,6 из 9,год постройки1974,*** not found ,65 / 41 / 8 м²,ул. Полярная,7
370 000 $,3 комнаты,1947 $ за м²,5 из 24,год постройки2005,монолитно-каркасные,190 м²,бульв. Украинки, 30б
650 000 $,4 комнаты,2708 $ за м²,8 из 8,год постройки1958,кирпичные,240 / 78 / 25 м²,ул. Дарвина,1
355 000 $,3 комнаты,4176 $ за м²,*** not found ,*** not found ,монолитно-каркасные,85 м²,ул. Драгомирова,17
145 000 $,1 комната,3021 $ за м²,2 из 24,год постройки2017,монолитно-каркасные,48 / 36 / 6 м²,ул. Предславинская,57
117 000 $,2 комнаты,1560 $ за м²,2 из 25,год постройки2018,монолитно-каркасные,75 / 39.6 / 15.5 м²,ул. Липковского (Урицкого), 37б
300 000 $,2 комнаты,5000 $ за м²,1 из 6,год постройки2005,кирпичные,60 / 38 / 20 м²,ул. Паньковская,8
55 000 $,1 комната,1107 $ за м²,7 из 22,год постройки2012,утепленная панель,49.7 / 19 / 12.2 м²,ул. Лаврухина,8
41 000 $,2 комнаты,869 $ за м²,2 из 5,год постройки1964,панельные,47.18 / 31 / 5.8 м²,ул. Василенко, 23а
128 000 $,2 комнаты,2560 $ за м²,3 из 25,год постройки2015,монолитно-каркасные,50 / 18 / 26 м²,ул. Заречная, 1в
175 000 $,2 комнаты,2465 $ за м²,2 из 25,год постройки2017,монолитно-каркасные,71 м²,ул. Бендукидзе, 4в
783 000 грн,1 комната,25 808 грн за м²,3 из 5,*** not found ,<span>9 февраля</span>,30.34 / 13 / 5 м²,ул. Цисык (Гамарника),
90 000 $,2 комнаты,1324 $ за м²,23 из 25,год постройки2011,утепленная панель,68 / 36 / 12 м²,ул. Урловская,38
98 000 $,2 комнаты,2227 $ за м²,3 из 5,год постройки1964,кирпичные,44 м²,Печерский спуск,11
137 000 $,1 комната,2854 $ за м²,15 из 23,год постройки2016,монолитно-каркасные,48 / 13.4 / 18.2 м²,ул. Саперное Поле, 14/55
45 000 $,1 комната,978 $ за м²,7 из 26,*** not found ,<span>22 декабря 2020 г.</span>,46 м²,ул. Крайняя,
2 015 228 грн,2 комнаты,31 537 грн за м²,19 из 26,год постройки2021,<span>16 февраля</span>,63.9 / 28.3 / 18.6 м²,ул. Причальная,
200 000 $,3 комнаты,2163 $ за м²,3 из 5,год постройки1946,кирпичные,92.48 / 62.5 / 10.9 м²,ул. Никольско-Ботаническая,2
147 000 $,2 комнаты,2333 $ за м²,9 из 24,год постройки2017,монолитно-каркасные,63 м²,ул. Предславинская,40
78 000 $,3 комнаты,1099 $ за м²,5 из 9,год постройки1977,утепленная панель,71 / 42 / 7 м²,ул. Героев Днепра,7
82 000 $,1 комната,2343 $ за м²,15 из 15,год постройки2018,панельные,35 / 13 / 11 м²,ул. Максимовича (Онуфрия Трутенко), 28б
75 000 $,1 комната,1562 $ за м²,4 из 6,*** not found ,<span>25 января</span>,48 / 35 / 13 м²,ул. Замковецкая,
89 000 $,1 комната,1589 $ за м²,15 из 20,год постройки2013,монолитно-каркасные,56 / 27.2 / 11.8 м²,ул. Симоненко ,5
710 000 $,4 комнаты,3447 $ за м²,7 из 25,год постройки2015,монолитно-каркасные,206 м²,ул. Коновальца (Щорса), 26а
620 000 $,5 комнат,3605 $ за м²,14 из 17,год постройки2001,монолитно-каркасные,172 / 93 / 13 м²,ул. Назаровская (Ветрова),11
69 500 $,3 комнаты,1544 $ за м²,1 из 7,*** not found ,*** not found ,45 / 22 / 8 м²,ул. Регенераторная,
85 000 $,2 комнаты,1000 $ за м²,8 из 25,год постройки2015,монолитно-каркасные,85 / 45 / 15 м²,просп. Победы (Брест-Литовский), 131а
43 000 $,2 комнаты,878 $ за м²,6 из 6,*** not found ,*** not found ,49 / 17 / 16 м²,ул. Стеценко,
330 000 $,4 комнаты,1710 $ за м²,16 из 16,год постройки2003,монолитно-каркасные,193 / 80 / 24 м²,просп. Героев Сталинграда, 20б
59 000 $,2 комнаты,1429 $ за м²,2 из 9,год постройки1963,*** not found ,41.3 / 26 / 6 м²,просп. Голосеевский (40-летия Октября),17
40 000 $,3 комнаты,930 $ за м²,1 из 5,год постройки1962,кирпичные,43 / 31 / 6 м²,бульв. Гавела (Ивана Лепсе), 43а
1 200 000 $,5 комнат,3429 $ за м²,4 из 6,год постройки1895,кирпичные,350 / 178 / 30 м²,ул. Б. Житомирская, 4в
405 000 $,3 комнаты,3189 $ за м²,20 из 31,*** not found ,*** not found ,127 м²,ул. И. Павла ІІ (Патриса Лумумбы),
100 110 $,3 комнаты,1285 $ за м²,4 из 16,*** not found ,*** not found ,77.9 м²,ул. Регенераторная,
400 000 $,4 комнаты,2222 $ за м²,12 из 25,год постройки2001,монолитно-каркасные,180 / 86.6 / 28.6 м²,ул. Ковпака,17
97 500 $,1 комната,1788 $ за м²,16 из 26,*** not found ,<span>16 ноября 2020 г.</span>,54.54 / 15.08 / 15.18 м²,ул. Бойчука (Киквидзе),
83 000 $,*** not found ,*** not found ,*** not found ,*** not found ,*** not found ,*** not found ,ул. Максимовича (Онуфрия Трутенко),
44 000 $,3 комнаты,733 $ за м²,2 из 5,год постройки1970,кирпичные,60 / 40 / 8 м²,просп. Курбаса (50-летия Октября), 18г
66 000 $,3 комнаты,1100 $ за м²,8 из 9,год постройки1973,панельные,60 / 40.6 / 7 м²,просп. Героев Сталинграда, 15а
350 000 $,4 комнаты,2011 $ за м²,2 из 10,*** not found ,<span>9 июля 2020 г.</span>,174 / 95 / 18 м²,ул. Вышгородская,
77 000 $,2 комнаты,1055 $ за м²,15 из 25,год постройки2010,утепленная панель,73 / 29 / 14 м²,ул. Урловская,34
122 250 $,3 комнаты,1315 $ за м²,22 из 24,*** not found ,<span>1 февраля</span>,93 / 52 / 13 м²,ул. Дегтяревская,
65 000 $,3 комнаты,888 $ за м²,6 из 9,год постройки1979,утепленная панель,73.2 / 42.3 / 9.4 м²,Харьковское ш., 174б
170 000 $,4 комнаты,1214 $ за м²,4 из 16,год постройки2002,монолитно-каркасные,140 / 80 / 16 м²,ул. Урловская, 10а
95 000 $,1 комната,1900 $ за м²,13 из 25,год постройки2018,монолитно-каркасные,50 / 18 / 12 м²,просп. Победы (Брест-Литовский), 109а
85 000 $,3 комнаты,966 $ за м²,3 из 16,год постройки2005,утепленная панель,88 / 46 / 12 м²,ул. Ломоносова, 83а
69 500 $,1 комната,1454 $ за м²,25 из 25,*** not found ,<span>4 февраля</span>,47.8 / 15.6 / 17.8 м²,ул.  Заболотного,
152 000 $,2 комнаты,3535 $ за м²,9 из 24,год постройки2019,монолитно-каркасные,43 / 20 / 12 м²,ул. Маккейна (Ивана Кудри), 1б
92 000 $,3 комнаты,1278 $ за м²,6 из 9,год постройки1975,кирпичные,72 / 42 / 7 м²,ул. Толстого,49
375 000 $,6 комнат,1518 $ за м²,27 из 27,год постройки2010,монолитно-каркасные,247 м²,ул. Соломенская, 15а
449 000 $,5 комнат,1796 $ за м²,12 из 16,год постройки2005,монолитно-каркасные,250 / 170 / 27 м²,просп. Героев Сталинграда,4
75 500 $,2 комнаты,1127 $ за м²,9 из 25,год постройки2020,*** not found ,67 / 32 / 13 м²,ул. Каховская,
140 000 $,2 комнаты,1728 $ за м²,9 из 9,год постройки1986,утепленная панель,81 / 34.19 / 15.69 м²,ул. Теремковская,1
45 000 $,1 комната,1364 $ за м²,*** not found ,*** not found ,панельные,33 м²,ул. Никольско-Слободская, 4б
135 000 $,1 комната,2316 $ за м²,11 из 15,год постройки2005,монолитно-каркасные,58.3 / 18 / 26 м²,ул. Тимошенко,
125 000 $,4 комнаты,1344 $ за м²,26 из 33,год постройки2018,монолитно-каркасные,93 / 50 / 34 м²,ул. Заречная, 2к2
140 000 $,3 комнаты,1284 $ за м²,21 из 25,год постройки2011,монолитно-каркасные,109 / 56 / 15 м²,ул. Закревского, 93а
120 000 $,2 комнаты,1713 $ за м²,14 из 16,год постройки2018,монолитно-каркасные,70.05 / 34.5 / 14 м²,ул. Конева, 10/1
42 000 $,2 комнаты,764 $ за м²,1 из 5,год постройки1971,кирпичные,55 / 30 / 8 м²,ул. Туполева,3
125 000 $,3 комнаты,1420 $ за м²,3 из 24,год постройки2020,*** not found ,88 / 41 / 24 м²,ул.  Сверстюка (Марины Расковой),
48 000 $,2 комнаты,1086 $ за м²,4 из 5,год постройки1960,кирпичные,44.2 / 31.4 / 6.1 м²,просп. Соборности (Воссоединения),6
300 000 $,3 комнаты,2000 $ за м²,16 из 17,год постройки2005,монолитно-каркасные,150 / 91 / 20 м²,ул. Гедройца (Тверская),2
120 000 $,3 комнаты,1379 $ за м²,20 из 24,*** not found ,*** not found ,87 / 61 / 25 м²,ул.  Сверстюка (Марины Расковой),
649 000 $,5 комнат,2360 $ за м²,11 из 17,год постройки2006,монолитно-каркасные,275 / 150 / 40 м²,ул. Жилянская,59
64 980 $,4 комнаты,812 $ за м²,4 из 9,год постройки1969,*** not found ,80 / 56 / 7 м²,бульв. Кольцова, 15а
77 000 $,1 комната,1426 $ за м²,16 из 24,год постройки2015,монолитно-каркасные,54 / 22 / 11 м²,ул. Драгоманова, 2б
48 000 $,1 комната,1116 $ за м²,24 из 26,*** not found ,*** not found ,43 / 14 / 16 м²,просп. Победы (Брест-Литовский),
102 000 $,3 комнаты,1085 $ за м²,2 из 22,год постройки2006,утепленная панель,94 / 47 / 14 м²,ул. Драгоманова, 1б
185 000 $,1 комната,4405 $ за м²,22 из 24,год постройки2019,монолитно-каркасные,42 / 15 / 12 м²,ул. Маккейна (Ивана Кудри), 1б
42 000 $,1 комната,1243 $ за м²,10 из 22,*** not found ,*** not found ,33.8 / 17.5 / 7.2 м²,Надднепрянское ш.,
115 000 $,3 комнаты,991 $ за м²,16 из 19,год постройки2007,монолитно-каркасные,116 / 55 / 16 м²,ул. Урловская, 11а
175 000 $,2 комнаты,2303 $ за м²,4 из 14,*** not found ,<span>4 февраля</span>,76 / 33 / 17 м²,ул. Богдановская,
54 000 $,3 комнаты,915 $ за м²,9 из 9,год постройки1973,*** not found ,59 / 40 / 8 м²,ул. Зодчих,70
10 116 000 грн,4 комнаты,50 580 грн за м²,12 из 12,год постройки2012,кирпичные,200 / 68 / 66 м²,ул. Тургеневская, 46/11
137 000 $,2 комнаты,1957 $ за м²,18 из 24,год постройки2017,монолитно-каркасные,70 / 15.7 / 31.3 м²,ул. Герцена,35
95 000 $,3 комнаты,1258 $ за м²,12 из 20,год постройки1997,утепленная панель,75.5 / 40.6 / 8.5 м²,ул. Руденко, 3а
360 000 $,5 комнат,2400 $ за м²,5 из 6,год постройки1936,кирпичные,150 / 120 / 15 м²,ул. Грушевского,9
135 000 $,1 комната,833 $ за м²,6 из 16,год постройки2005,монолитно-каркасные,162 / 86 / 25 м²,ул. Николая Голего (Лебедева-Кумача),6
105 000 $,1 комната,2333 $ за м²,1 из 9,год постройки1971,кирпичные,45 / 18 / 10 м²,ул. Омельяновича-Павленко (Суворова), 18/20
58 000 $,2 комнаты,935 $ за м²,4 из 26,*** not found ,*** not found ,62 / 27 / 17 м²,ул. Северо-Сырецкая,
180 000 $,5 комнат,2400 $ за м²,3 из 4,год постройки1883,кирпичные,75 / 45 / 10 м²,ул. Б. Житомирская,34
153 000 $,2 комнаты,1692 $ за м²,8 из 27,год постройки2010,монолитно-каркасные,90.4 / 42 / 25 м²,бульв. Украинки, 7б
159 000 $,2 комнаты,2271 $ за м²,6 из 12,год постройки2016,монолитно-каркасные,70 / 37 / 15 м²,ул. Тютюнника (Анри Барбюса), 51/1а
98 000 $,3 комнаты,1032 $ за м²,6 из 25,год постройки2016,панельные,95 / 53 / 11 м²,ул. Данченко,1
1 200 000 $,*** not found ,2162 $ за м²,25 из 25,год постройки2001,монолитно-каркасные,555 м²,ул. Ковпака,17
42 900 $,1 комната,1140 $ за м²,11 из 26,*** not found ,<span>19 января</span>,37.62 / 15.3 / 12.5 м²,ул. Радченко,
86 000 $,3 комнаты,925 $ за м²,6 из 8,год постройки2015,кирпичные,93 / 31 / 53 м²,ул. Лебедева, 1к1
155 000 $,1 комната,2818 $ за м²,5 из 19,*** not found ,*** not found ,55 / 22 / 11 м²,ул. Драгомирова,
450 000 $,3 комнаты,4412 $ за м²,15 из 30,*** not found ,<span>25 января</span>,102 м²,ул. Драгомирова,
148 000 $,3 комнаты,1574 $ за м²,*** not found ,*** not found ,монолитно-каркасные,94 / 53.22 / 11.78 м²,ул. Набережно-Рыбальская,3
50 000 $,1 комната,1220 $ за м²,4 из 5,*** not found ,<span>29 октября 2020 г.</span>,41 / 18 / 10 м²,ул. Сергея Колоса (Ленина),
81 000 $,3 комнаты,1045 $ за м²,5 из 26,*** not found ,<span>17 февраля</span>,77.5 / 60 / 24 м²,ул. Причальная,
161 003 $,3 комнаты,1830 $ за м²,5 из 23,год постройки2013,монолитно-каркасные,87.98 / 53.21 / 8.58 м²,просп. Победы (Брест-Литовский),42
61 500 $,2 комнаты,933 $ за м²,20 из 26,*** not found ,<span>19 октября 2020 г.</span>,65.91 / 28.74 / 9.89 м²,просп. Освободителей,
78 000 $,2 комнаты,1164 $ за м²,13 из 24,*** not found ,<span>28 января</span>,67 / 30 / 20 м²,ул.  Сверстюка (Марины Расковой),
259 266 $,3 комнаты,2038 $ за м²,7 из 9,*** not found ,*** not found ,127.24 / 71.2 / 21.13 м²,ул. Набережно-Рыбальская,
34 500 $,1 комната,1113 $ за м²,5 из 9,год постройки1982,утепленная панель,31 / 15 / 7 м²,просп. Порика, 3а
122 000 $,3 комнаты,1402 $ за м²,21 из 22,*** not found ,<span>18 февраля</span>,87 / 40.24 / 17.4 м²,ул. Гречко,
147 420 $,2 комнаты,1798 $ за м²,21 из 25,*** not found ,<span>17 сентября 2020 г.</span>,82 м²,ул. Заречная,
73 000 $,2 комнаты,1460 $ за м²,1 из 9,год постройки1983,утепленная панель,50 / 20 / 9 м²,просп. Бажана, 9а
44 000 $,1 комната,1100 $ за м²,11 из 26,*** not found ,<span>15 января</span>,40 / 16 / 12 м²,ул. Радченко,
128 000 $,3 комнаты,1829 $ за м²,2 из 4,*** not found ,кирпичные,70 / 48 / 7 м²,ул. Михайловская,
111 000 $,1 комната,1480 $ за м²,2 из 10,год постройки2013,монолитно-каркасные,75 / 31 / 26 м²,ул. Ломоносова, 73д
73 000 $,3 комнаты,760 $ за м²,9 из 20,год постройки2014,монолитно-каркасные,96 / 53 / 14 м²,ул. Щербаковского (Щербакова),52
89 000 $,1 комната,1589 $ за м²,15 из 20,год постройки2013,монолитно-каркасные,56 / 27.2 / 11.8 м²,ул. Симоненко ,5
64 000 $,1 комната,1488 $ за м²,14 из 25,год постройки2019,монолитно-каркасные,43 м²,Днепровская наб., 16д
375 000 $,3 комнаты,3151 $ за м²,*** not found ,*** not found ,монолитно-каркасные,119 м²,ул. Драгомирова,7
98 000 $,1 комната,2279 $ за м²,4 из 4,год постройки1905,кирпичные,43 / 29 / 7 м²,ул. Андреевская,9
32 000 $,1 комната,1455 $ за м²,8 из 9,*** not found ,кирпичные,22 / 12.3 / 3.5 м²,ул. Копыловская,
125 000 $,3 комнаты,1190 $ за м²,16 из 24,год постройки2012,монолитно-каркасные,105 / 57 / 16 м²,ул. Урловская,40
61 500 $,2 комнаты,1398 $ за м²,3 из 5,год постройки1959,кирпичные,44 / 30 / 6 м²,ул. Ереванская,15
105 000 $,2 комнаты,1522 $ за м²,16 из 25,год постройки2016,монолитно-каркасные,69 / 33 / 13 м²,ул. Драгоманова,2
2 425 640 грн,1 комната,*** not found ,*** not found ,*** not found ,*** not found ,45 м²,ЖК Stanford,
89 000 $,3 комнаты,937 $ за м²,9 из 13,*** not found ,<span>2 ноября 2020 г.</span>,95 / 45 / 20 м²,просп. Правды,
27 500 $,1 комната,982 $ за м²,9 из 9,год постройки1973,кирпичные,28 / 16 / 6 м²,просп. Комарова, 17а
47 000 $,1 комната,1175 $ за м²,5 из 25,*** not found ,<span>28 декабря 2020 г.</span>,40 / 18 / 13 м²,просп. Правды,
329 000 $,3 комнаты,2043 $ за м²,3 из 17,год постройки2009,монолитно-каркасные,161 / 101 / 10.9 м²,ул. Толстого,39
71 000 $,3 комнаты,710 $ за м²,17 из 35,*** not found ,*** not found ,100 м²,Харьковское ш.,
1 885 431 грн,2 комнаты,*** not found ,*** not found ,*** not found ,*** not found ,65 м²,ЖК Лебединый,
980 000 $,5 комнат,4601 $ за м²,10 из 13,год постройки2003,кирпичные,213 / 150 / 40 м²,ул. Паторжинского,14
68 000 $,2 комнаты,1097 $ за м²,6 из 9,год постройки1971,панельные,62 / 35 / 8 м²,просп. Воздухофлотский,8
71 000 $,2 комнаты,1127 $ за м²,9 из 24,*** not found ,*** not found ,63 / 27 / 17 м²,просп. Правды,
190 000 $,2 комнаты,2111 $ за м²,14 из 16,год постройки1983,кирпичные,90 / - / 15 м²,ул. Алмазова (Кутузова),6
3 641 884 грн,1 комната,*** not found ,*** not found ,*** not found ,*** not found ,39 м²,ЖК 52 Жемчужина (Pechersk Plaza),
115 000 $,2 комнаты,1575 $ за м²,21 из 25,год постройки2015,кирпичные,73 / 37 / 15 м²,ул.  Малиновского, 4в
45 000 $,1 комната,1324 $ за м²,10 из 16,год постройки1982,утепленная панель,34 / 19 / 7 м²,ул. Радужная,22
57 000 $,1 комната,1140 $ за м²,21 из 27,*** not found ,<span>8 октября 2020 г.</span>,50 / 19 / 14 м²,ул. Маланюка (Степана Сагайдака),
45 500 $,2 комнаты,1167 $ за м²,4 из 5,год постройки1961,панельные,39 / 27 / 6 м²,ул. Донца, 19а
260 000 $,2 комнаты,4727 $ за м²,5 из 24,год постройки2019,монолитно-каркасные,55 / 25 / 16 м²,ул. Федорова, 2а
80 000 $,1 комната,1379 $ за м²,12 из 25,*** not found ,<span>16 февраля</span>,58 / 26 / 13 м²,ул. Срибнокильская,
2 110 252 грн,1 комната,*** not found ,*** not found ,*** not found ,*** not found ,52 м²,ЖК Nordica Residence,
138 000 $,3 комнаты,1500 $ за м²,6 из 26,год постройки2018,монолитно-каркасные,92 / 50 / 27 м²,ул. Липковского (Урицкого), 37б
105 000 $,2 комнаты,1544 $ за м²,7 из 25,год постройки2016,панельные,68 / 33 / 15 м²,ул. Донца, 2б
2 363 130 грн,2 комнаты,27 900 грн за м²,12 из 26,год постройки2020,<span>22 августа 2020 г.</span>,84.7 / 37.23 / 17.56 м²,ул. Маланюка (Степана Сагайдака),
89 000 $,2 комнаты,1369 $ за м²,12 из 20,год постройки2018,монолитно-каркасные,65 / 15 / 25 м²,просп. Победы (Брест-Литовский), 55/2
400 000 $,3 комнаты,2759 $ за м²,19 из 24,год постройки2012,монолитно-каркасные,145 / 73 / 15 м²,ул. Парково-Сырецкая (Шамрыло Тимофея), 4в
100 000 $,2 комнаты,1724 $ за м²,9 из 17,год постройки2006,монолитно-каркасные,58 / 32 / 14 м²,ул. Ломоносова, 60/5
61 500 $,3 комнаты,809 $ за м²,14 из 16,год постройки1989,утепленная панель,76 / 43 / 8.5 м²,просп. Маяковского,77
48 000 $,1 комната,1043 $ за м²,18 из 24,*** not found ,<span>5 октября 2020 г.</span>,46 / 18 / 13 м²,ул. Багговутовская,
180 000 $,2 комнаты,2045 $ за м²,23 из 25,год постройки2015,монолитно-каркасные,88 / 62 / 10 м²,бульв. Дарницкий, 8в
108 000 €,3 комнаты,1158 € за м²,8 из 24,год постройки2014,утепленная панель,93.3 / 46.7 / 14.1 м²,ул. Чавдар,22
43 500 $,1 комната,1046 $ за м²,21 из 24,*** not found ,<span>14 августа 2020 г.</span>,41.6 / 18 / 13 м²,Надднепрянское ш.,
100 999 $,1 комната,1741 $ за м²,3 из 15,год постройки2004,монолитно-каркасные,58 / 16.3 / 18 м²,просп. Героев Сталинграда,6
52 000 $,1 комната,1000 $ за м²,24 из 25,*** not found ,<span>2 ноября 2020 г.</span>,52 / - / 17.78 м²,просп. Правды,
146 000 $,2 комнаты,2086 $ за м²,19 из 25,год постройки2018,монолитно-каркасные,70 / 35 / 13 м²,ул. Конева, 10/1
110 000 $,2 комнаты,1692 $ за м²,4 из 25,год постройки2012,монолитно-каркасные,65 / 32 / 12.3 м²,ул. Воскресенская, 12б
148 800 $,1 комната,3166 $ за м²,9 из 12,год постройки2015,монолитно-каркасные,47 м²,ул. Саперное Поле,12
77 000 $,2 комнаты,975 $ за м²,3 из 25,год постройки2018,утепленная панель,79 / 36 / 12 м²,Ясиноватский пер.,11
38 500 $,1 комната,1132 $ за м²,5 из 9,год постройки1977,кирпичные,34 / 18 / 7 м²,ул. Потапова, 10а
100 000 $,3 комнаты,1020 $ за м²,16 из 26,год постройки2012,монолитно-каркасные,98 / 42.6 / 16 м²,ул. Кондратюка,7
78 000 $,1 комната,1560 $ за м²,4 из 22,год постройки2006,монолитно-каркасные,50 / 22 / 13 м²,ул. Чаадаева, 2в
75 000 $,2 комнаты,1071 $ за м²,3 из 25,год постройки2015,монолитно-каркасные,70 / 35 / 12 м²,ул. Пчилки,8
45 000 $,2 комнаты,1000 $ за м²,1 из 5,год постройки1966,панельные,45 / 30 / 6 м²,ул. Гречко, 12г
900 000 $,3 комнаты,6000 $ за м²,9 из 9,год постройки2019,монолитно-каркасные,150 / 90 / 20 м²,ул. Саперное Поле,5
85 000 $,2 комнаты,1288 $ за м²,2 из 22,год постройки2018,монолитно-каркасные,66 / 32 / 14 м²,ул. Глубочицкая,13
65 600 $,2 комнаты,1009 $ за м²,22 из 26,*** not found ,<span>4 декабря 2020 г.</span>,65 / 33 / 12 м²,ул. Причальная,
395 000 $,3 комнаты,3038 $ за м²,11 из 28,*** not found ,*** not found ,130 / 73 / 20 м²,ул. Болсуновская (Сергея Струтинского),
155 000 $,2 комнаты,2214 $ за м²,9 из 10,год постройки2014,монолитно-каркасные,70 м²,ул. Сикорского (Танковая), 4в
84 000 $,2 комнаты,1400 $ за м²,14 из 24,*** not found ,*** not found ,60 / 28 / 10 м²,ул. Костанайская,
73 000 $,3 комнаты,936 $ за м²,4 из 4,*** not found ,*** not found ,78 / 37 / 13 м²,ул. Богатырская,
83 000 $,1 комната,1566 $ за м²,10 из 10,год постройки2017,монолитно-каркасные,53 м²,ул. Малоземельная,75
250 000 $,2 комнаты,3846 $ за м²,2 из 9,год постройки2018,монолитно-каркасные,65 / 40 / 18 м²,ул. Спасская,35
299 000 $,3 комнаты,3425 $ за м²,3 из 4,год постройки1879,кирпичные,87.3 / 52.3 / 7.9 м²,ул. Прорезная,9
56 000 $,3 комнаты,812 $ за м²,9 из 10,год постройки1991,утепленная панель,69 / 42 / 7 м²,ул. Милославская,5
4 335 178 грн,1 комната,*** not found ,*** not found ,*** not found ,*** not found ,61 м²,ЖК Бульвар Фонтанов,
270 000 $,2 комнаты,3333 $ за м²,*** not found ,*** not found ,монолитно-каркасные,81 м²,ул. Драгомирова,3
58 000 $,3 комнаты,1018 $ за м²,2 из 5,год постройки1961,кирпичные,57 / 30 / 6 м²,бульв. Гавела (Ивана Лепсе),53
62 000 $,1 комната,1292 $ за м²,16 из 25,год постройки2017,утепленная панель,48 / 18 / 12 м²,ул. Данченко,3
80 000 $,1 комната,1702 $ за м²,8 из 16,*** not found ,<span>7 декабря 2020 г.</span>,47 / 14 / 20 м²,ул. Шолуденко,
195 000 $,2 комнаты,2097 $ за м²,2 из 6,год постройки1913,кирпичные,93 / 38 / 10.2 м²,Михайловский пер., 9б
3 180 495 грн,1 комната,*** not found ,*** not found ,*** not found ,*** not found ,49 м²,ЖК CRYSTAL RESIDENCE,
122 000 $,2 комнаты,1842 $ за м²,6 из 7,*** not found ,*** not found ,66.25 / 31 / 19 м²,ул. Бойчука (Киквидзе),
3 793 500 грн,3 комнаты,52 688 грн за м²,10 из 15,год постройки1999,кирпичные,72 / 41 / 16 м²,ул. Антоновича (Горького), 91/14
65 000 $,3 комнаты,1000 $ за м²,1 из 5,год постройки1961,кирпичные,65 / 50 / 8 м²,ул. Ольжича,13
40 500 $,1 комната,827 $ за м²,26 из 26,*** not found ,*** not found ,49 / 18 / 9.8 м²,ул. Ревуцкого,
1 181 731 грн,1 комната,*** not found ,*** not found ,*** not found ,*** not found ,31 м²,ЖК Берег Днепра,
69 000 $,1 комната,1683 $ за м²,6 из 9,*** not found ,<span>17 февраля</span>,41 / 16 / - м²,ул. Практичная,
75 000 $,2 комнаты,1415 $ за м²,20 из 22,*** not found ,<span>12 января</span>,53 / - / 21 м²,ул. Жмаченко,
155 000 $,2 комнаты,2013 $ за м²,12 из 21,год постройки2013,монолитно-каркасные,77 / 30 / 15 м²,ул. Скрипника (Николая Островского),40
220 000 $,2 комнаты,2200 $ за м²,15 из 25,год постройки2013,монолитно-каркасные,100 / 39.7 / 14.4 м²,ул. Коновальца (Щорса), 44а
51 500 $,2 комнаты,936 $ за м²,16 из 25,*** not found ,*** not found ,55 / 24 / 19 м²,просп. Бажана,
73 900 $,2 комнаты,1274 $ за м²,7 из 16,год постройки1993,утепленная панель,58 / 32 / 8 м²,просп. Григоренко,25
2 458 347 грн,1 комната,*** not found ,*** not found ,*** not found ,*** not found ,52 м²,ЖК Manhattan city,
1 400 000 $,5 комнат,4487 $ за м²,28 из 30,год постройки2016,монолитно-каркасные,312 м²,ул. Драгомирова,11
93 950 $,3 комнаты,1080 $ за м²,16 из 17,год постройки2018,панельные,87 / 57 / 15 м²,ул. Данченко,32
395 000 $,4 комнаты,2724 $ за м²,7 из 9,*** not found ,*** not found ,145 / 80 / 45 м²,Бутышев (Андрея Иванова) пер.,
179 000 $,1 комната,3580 $ за м²,7 из 23,год постройки2015,монолитно-каркасные,50 / 15 / 20 м²,ул. Маккейна (Ивана Кудри),7
260 000 $,2 комнаты,2080 $ за м²,11 из 17,год постройки2019,монолитно-каркасные,125 / 64 / 15 м²,ул. Лейпцигская,13
52 000 $,1 комната,1209 $ за м²,6 из 25,*** not found ,<span>10 декабря 2020 г.</span>,43 / 14 / 17 м²,просп. Правды,
395 000 $,3 комнаты,3038 $ за м²,11 из 28,*** not found ,*** not found ,130 / 73 / 20 м²,ул. Болсуновская (Сергея Струтинского),
198 450 $,2 комнаты,2450 $ за м²,12 из 24,год постройки2010,монолитно-каркасные,81 м²,ул. Драгомирова,3
750 000 $,3 комнаты,3606 $ за м²,15 из 23,год постройки2005,монолитно-каркасные,208 / 115 / 60 м²,ул. Старонаводницкая,13
650 000 $,4 комнаты,2124 $ за м²,4 из 8,год постройки2011,монолитно-каркасные,306 / 204 / 19 м²,ул. Протасов Яр,8
75 000 $,1 комната,1389 $ за м²,6 из 25,год постройки2007,монолитно-каркасные,54 / 22 / 14 м²,Днепровская наб., 26а
150 000 $,3 комнаты,1429 $ за м²,4 из 24,год постройки2009,утепленная панель,105 / 42 / 17 м²,просп. Лобановского (Краснозвездный), 6г
93 900 $,2 комнаты,1361 $ за м²,8 из 26,*** not found ,<span>12 января</span>,69 м²,Днепровская наб.,
120 500 $,1 комната,1826 $ за м²,6 из 10,год постройки2003,монолитно-каркасные,66 / 20 / 33 м²,ул. Павловская, 26/41
129 000 $,2 комнаты,1925 $ за м²,5 из 25,год постройки2014,монолитно-каркасные,67 / 39 / 10 м²,ул. Ломоносова, 50/2
62 000 $,1 комната,1348 $ за м²,18 из 19,год постройки1999,монолитно-каркасные,46 / 28 / 12 м²,ул. Ахматовой,3
150 000 $,3 комнаты,1442 $ за м²,16 из 17,год постройки2018,монолитно-каркасные,104 / 55 / 12 м²,бульв. Вернадского,24
55 000 $,1 комната,1000 $ за м²,5 из 24,год постройки2020,панельные,55 / - / 12 м²,Балтийский пер.,
138 000 $,3 комнаты,1500 $ за м²,6 из 26,год постройки2018,монолитно-каркасные,92 / 50 / 27 м²,ул. Липковского (Урицкого), 37б
172 000 $,3 комнаты,2000 $ за м²,7 из 9,год постройки1972,кирпичные,86 / 53 / 12 м²,ул. Резницкая,8
79 900 $,3 комнаты,918 $ за м²,25 из 26,год постройки2018,монолитно-каркасные,87 / 50 / 15 м²,ул. Каховская,60
49 999 $,1 комната,1157 $ за м²,13 из 22,год постройки2011,утепленная панель,43.2 / 18 / 10 м²,ул. Закревского,95
115 000 $,3 комнаты,1326 $ за м²,13 из 25,год постройки2019,монолитно-каркасные,86.74 / 41.89 / 20.89 м²,ул.  Сверстюка (Марины Расковой),6
87 000 $,3 комнаты,958 $ за м²,2 из 25,*** not found ,<span>2 июля 2020 г.</span>,90.77 / 36.32 / 24.33 м²,просп. Правды,
107 000 $,1 комната,2202 $ за м²,16 из 24,год постройки2007,монолитно-каркасные,48.6 / 22.3 / 12 м²,просп. Героев Сталинграда, 8а
87 700 $,2 комнаты,1015 $ за м²,19 из 24,*** not found ,<span>11 января</span>,86.38 / 36.31 / 22.96 м²,просп. Правды,
65 000 $,2 комнаты,1275 $ за м²,9 из 9,год постройки1978,утепленная панель,51 / 30 / 8 м²,ул. Героев Днепра,16
1 250 000 $,5 комнат,5000 $ за м²,3 из 4,год постройки1858,кирпичные,250 / 150 / 30 м²,ул. Б. Житомирская, 6/11
34 700 $,1 комната,1388 $ за м²,1 из 5,год постройки1974,кирпичные,25 / - / 4 м²,ул. Королева, 10в
67 000 $,1 комната,1595 $ за м²,9 из 26,год постройки2017,монолитно-каркасные,42 / 20 / 16 м²,ул. Крушельницкой,15
88 000 $,1 комната,1913 $ за м²,1 из 9,*** not found ,<span>11 сентября 2017 г.</span>,46 / 20 / 10 м²,ул. Регенераторная,
285 000 $,3 комнаты,2244 $ за м²,21 из 25,год постройки2008,монолитно-каркасные,127 / 80.7 / 15.3 м²,ул. Голосеевская, 13а
93 000 $,1 комната,2022 $ за м²,20 из 24,*** not found ,<span>12 февраля</span>,46 / 20.9 / 10.6 м²,ул. Старокиевская,
85 000 $,2 комнаты,1288 $ за м²,15 из 26,*** not found ,утепленная панель,66 / 23.8 / 18.2 м²,Днепровская наб.,
230 000 $,3 комнаты,1873 $ за м²,8 из 15,год постройки2007,монолитно-каркасные,122.8 / 60.8 / 14.6 м²,просп. Героев Сталинграда, 26а
155 000 $,2 комнаты,2214 $ за м²,9 из 10,год постройки2014,монолитно-каркасные,70 м²,ул. Сикорского (Танковая), 4в
180 000 $,1 комната,2222 $ за м²,8 из 32,год постройки2016,монолитно-каркасные,81 / 42 / 15 м²,ул. Саксаганского, 37К
95 000 $,2 комнаты,1730 $ за м²,10 из 16,год постройки1993,утепленная панель,54.9 / 29 / 8.5 м²,ул. Драгоманова, 40а
54 934 $,1 комната,1330 $ за м²,7 из 9,год постройки1978,утепленная панель,41.3 / 19 / 7.7 м²,ул. Героев Днепра, 20а
260 000 $,3 комнаты,3059 $ за м²,5 из 12,*** not found ,кирпичные,85 / 34.4 / 21 м²,ул. Большая Васильковская (Красноармейская),
145 000 $,2 комнаты,1835 $ за м²,10 из 25,год постройки2016,монолитно-каркасные,79 / 35 / 12 м²,ул. Малевича (Василия Боженко),89
135 000 $,3 комнаты,1627 $ за м²,2 из 4,год постройки1936,кирпичные,83 / 33.5 / 35 м²,ул. Юрковская, 34а
50 000 $,1 комната,1316 $ за м²,10 из 18,*** not found ,*** not found ,38 / 14.1 / 7.5 м²,ул. Нагорная,
399 000 $,3 комнаты,2494 $ за м²,3 из 9,год постройки2005,монолитно-каркасные,160 / 98 / 14 м²,ул. Щекавицкая, 30/39
55 000 $,1 комната,1486 $ за м²,4 из 5,год постройки1959,кирпичные,37 / 19 / 9 м²,Жуковского пер.,
270 000 $,5 комнат,1362 $ за м²,7 из 16,год постройки2001,кирпичные,198.3 / 137 / 13 м²,ул. Павловская,18
337 000 $,3 комнаты,3120 $ за м²,12 из 27,год постройки2015,монолитно-каркасные,108 м²,ул. Маккейна (Ивана Кудри),7
170 000 $,4 комнаты,1133 $ за м²,16 из 17,год постройки1988,утепленная панель,150 / 106.5 / 15 м²,ул. Бальзака,6
85 000 $,3 комнаты,1181 $ за м²,4 из 9,год постройки1981,утепленная панель,72 м²,ул. Приозерная, 6а
279 000 $,4 комнаты,2131 $ за м²,5 из 5,год постройки1936,кирпичные,130.9 / 97.3 / 13.5 м²,ул. Институтская, 24/7
44 000 $,1 комната,1073 $ за м²,8 из 26,год постройки2019,монолитно-каркасные,41 / 14 / 14 м²,просп. Правды, 41а
170 000 $,1 комната,3208 $ за м²,4 из 26,год постройки2005,монолитно-каркасные,53 / 44 / 13 м²,ул. Коновальца (Щорса), 32в
88 000 $,1 комната,2047 $ за м²,3 из 24,*** not found ,<span>30 января</span>,43 / 16 / 12 м²,ул. Заречная,
41 500 $,2 комнаты,892 $ за м²,3 из 5,год постройки1965,панельные,46.5 / 29 / 6 м²,ул. Стражеско,7
70 000 $,2 комнаты,986 $ за м²,11 из 25,год постройки2018,кирпичные,71 / 34 / 11 м²,Харьковское ш.,190
119 900 $,2 комнаты,2141 $ за м²,18 из 24,*** not found ,<span>11 января</span>,56 / 29.25 / 10.6 м²,ул. Жилянская,
86 000 $,3 комнаты,729 $ за м²,12 из 23,год постройки2010,монолитно-каркасные,118 / 62.2 / 16 м²,ул. Бориспольская, 26з
138 000 $,3 комнаты,1725 $ за м²,25 из 26,год постройки2014,монолитно-каркасные,80 / 40 / 12 м²,ул. Воскресенская, 14д
240 000 $,2 комнаты,2824 $ за м²,4 из 8,год постройки2016,кирпичные,85 / 38 / 18 м²,ул. Дегтярная,19
149 500 $,3 комнаты,1438 $ за м²,11 из 16,год постройки2002,монолитно-каркасные,104 / 56 / 14 м²,ул. Семьи Праховых (Гайдара),27
1 999 600 грн,1 комната,33 177 грн за м²,1 из 4,*** not found ,<span>24 октября 2020 г.</span>,60.27 / 29.73 / 15.78 м²,ул. Богатырская,
67 999 $,2 комнаты,1438 $ за м²,8 из 9,*** not found ,панельные,47.3 / 30 / 7 м²,ул. Мурашко,
41 500 $,1 комната,1339 $ за м²,2 из 5,год постройки1963,панельные,31 / 16 / 6 м²,ул. Щусева,12
99 000 $,3 комнаты,1100 $ за м²,10 из 10,год постройки2005,монолитно-каркасные,90 / 47 / 13 м²,ул. Андрющенко, 4д
580 000 $,3 комнаты,5577 $ за м²,18 из 26,год постройки2016,монолитно-каркасные,104 / 65 / 25 м²,ул. Деловая (Георгия Димитрова), 1/2
75 000 $,1 комната,1630 $ за м²,7 из 19,год постройки2018,монолитно-каркасные,46 / 17 / 14 м²,просп. Победы (Брест-Литовский), 55/2
299 000 $,3 комнаты,2903 $ за м²,4 из 24,год постройки2015,монолитно-каркасные,103 / 48 / 14 м²,ул. Маккейна (Ивана Кудри),7
44 000 $,1 комната,1158 $ за м²,13 из 16,год постройки1985,утепленная панель,38 м²,ул. Драйзера,9
139 000 $,3 комнаты,1252 $ за м²,23 из 36,год постройки2007,монолитно-каркасные,111 / 66 / 17 м²,ул. Срибнокильская,1
150 000 $,3 комнаты,1667 $ за м²,26 из 26,год постройки2010,монолитно-каркасные,90 / 37.2 / 27.2 м²,ул. Туманяна, 15а
45 690 $,2 комнаты,819 $ за м²,9 из 16,*** not found ,<span>16 января</span>,55.8 / 26.5 / 9.7 м²,просп. Отрадный (Чубаря),
115 000 $,2 комнаты,1456 $ за м²,13 из 17,год постройки2014,монолитно-каркасные,79 / 35 / 30 м²,ул. Попова, 3/5
63 500 $,3 комнаты,858 $ за м²,8 из 10,*** not found ,<span>17 февраля</span>,74 / - / 13 м²,ул. Зелёная,
42 000 $,2 комнаты,913 $ за м²,9 из 9,год постройки1970,кирпичные,46 м²,ул. Курчатова,11
56 500 $,2 комнаты,1153 $ за м²,1 из 9,год постройки1975,*** not found ,49 / 29.5 / 6 м²,ул. Архипенко (Залки Мате), 4а
66 000 $,2 комнаты,868 $ за м²,1 из 25,год постройки2014,утепленная панель,76 / 36 / 16 м²,ул. Здолбуновская,13
103 000 $,3 комнаты,1000 $ за м²,21 из 22,год постройки2012,монолитно-каркасные,103 / 61 / 12 м²,ул. Градинская,11
63 000 $,1 комната,1355 $ за м²,13 из 26,год постройки2019,монолитно-каркасные,46.5 / 15.5 / 17.5 м²,Днепровская наб., 16г
228 000 $,3 комнаты,2073 $ за м²,8 из 10,*** not found ,*** not found ,110 / - / 30 м²,ул. Теремковская,
90 000 $,3 комнаты,1286 $ за м²,5 из 16,год постройки1974,кирпичные,70 / 46 / 7 м²,бульв. Украинки, 36б
87 000 $,3 комнаты,915 $ за м²,9 из 19,год постройки2019,монолитно-каркасные,95.09 / 52 / 18.7 м²,ул. Ушинского, 14а
62 000 $,3 комнаты,1033 $ за м²,1 из 9,год постройки1975,панельные,60 / 41 / 7 м²,Бондарский пер.,19
77 000 $,3 комнаты,828 $ за м²,4 из 16,год постройки2002,утепленная панель,93 / 46 / 12 м²,ул. Милославская, 31б
179 900 $,3 комнаты,1384 $ за м²,12 из 16,год постройки1998,кирпичные,130 / 68 / 18 м²,просп. Героев Сталинграда,22
49 000 $,1 комната,1960 $ за м²,2 из 4,год постройки2016,монолитно-каркасные,25 / 15 / 5 м²,ул. Практичная,2
105 900 $,1 комната,1925 $ за м²,22 из 26,год постройки2016,монолитно-каркасные,55 м²,ул. Герцена, 35а
500 000 $,3 комнаты,2924 $ за м²,3 из 8,год постройки2012,кирпичные,171 / 101 / 17 м²,ул. Тургеневская, 46/11
38 000 $,1 комната,884 $ за м²,15 из 25,*** not found ,<span>3 декабря 2020 г.</span>,43 / 15.4 / 9 м²,ул. Магнитогорская,
130 000 $,1 комната,2708 $ за м²,16 из 24,год постройки2008,монолитно-каркасные,48 / 18 / 14 м²,просп. Героев Сталинграда, 6а
230 000 $,3 комнаты,2644 $ за м²,4 из 9,год постройки2013,монолитно-каркасные,87 м²,ул. Полтавская,10
66 800 $,2 комнаты,1260 $ за м²,4 из 9,год постройки1969,панельные,53 / 34 / 8 м²,просп. Победы (Брест-Литовский),19
125 000 $,2 комнаты,1488 $ за м²,2 из 12,год постройки2020,кирпичные,84 / 54 / 11 м²,ул. Речная,
113 000 $,2 комнаты,2457 $ за м²,2 из 5,год постройки1913,кирпичные,46 / 27 / 7 м²,ул. Ярославская,31
93 000 $,1 комната,1788 $ за м²,10 из 15,год постройки2017,монолитно-каркасные,52 м²,ул. Демеевская,13
422 000 $,2 комнаты,4637 $ за м²,13 из 15,год постройки2017,монолитно-каркасные,91 / 68 / 18 м²,ул. Саперное Поле,3
80 500 $,2 комнаты,1238 $ за м²,26 из 13,год постройки2020,*** not found ,65 / 34 / 12 м²,ул. Каховская,
123 000 $,2 комнаты,1500 $ за м²,6 из 26,*** not found ,*** not found ,82 / - / 18 м²,ул. Бойчука (Киквидзе),
200 000 $,3 комнаты,2273 $ за м²,3 из 7,год постройки1954,кирпичные,88 / 60 / 10 м²,ул. Крещатик,21
52 000 $,2 комнаты,1268 $ за м²,5 из 5,*** not found ,панельные,41 / 25 / 7 м²,ул. Красноткацкая, 22б
360 000 $,5 комнат,2400 $ за м²,5 из 6,год постройки1936,кирпичные,150 / 120 / 15 м²,ул. Грушевского,9
102 000 $,2 комнаты,1397 $ за м²,23 из 25,год постройки2016,монолитно-каркасные,73 / 35 / 13 м²,ул. Драгоманова,2
77 000 $,3 комнаты,951 $ за м²,18 из 26,год постройки2018,монолитно-каркасные,81 / - / 12 м²,ул. Каховская,60
125 000 $,1 комната,2500 $ за м²,6 из 25,*** not found ,*** not found ,50 / 15 / 16 м²,ул. Антоновича (Горького),
84 000 $,1 комната,2270 $ за м²,10 из 16,год постройки2019,<span>8 октября 2020 г.</span>,37 м²,ул. Максимовича (Онуфрия Трутенко),
185 000 $,1 комната,3083 $ за м²,3 из 30,год постройки2014,монолитно-каркасные,60 / - / 20 м²,ул. Драгомирова,17
888 189 грн,1 комната,*** not found ,*** not found ,*** not found ,*** not found ,30 м²,ЖК POLARIS Home&Plaza,
45 142 $,2 комнаты,717 $ за м²,8 из 19,*** not found ,<span>3 февраля</span>,63 / 31 / 23 м²,Комфортна та сучасна,
980 000 $,5 комнат,4601 $ за м²,10 из 13,год постройки2003,кирпичные,213 / 150 / 40 м²,ул. Паторжинского,14
180 000 $,2 комнаты,2442 $ за м²,6 из 17,год постройки2009,монолитно-каркасные,73.7 / 41 / 13.4 м²,просп. Голосеевский (40-летия Октября), 30в
40 000 $,2 комнаты,887 $ за м²,2 из 5,год постройки1964,кирпичные,45.1 / 28.8 / 6.4 м²,Харьковское ш.,12
110 000 $,4 комнаты,1264 $ за м²,2 из 16,год постройки1986,утепленная панель,87 / 54 / 8.4 м²,ул. Иорданская (Гавро Лайоша), 9б
3 600 804 грн,2 комнаты,*** not found ,*** not found ,*** not found ,*** not found ,68 м²,ЖК Ярославов Град,
165 000 $,3 комнаты,1602 $ за м²,9 из 17,год постройки2011,монолитно-каркасные,103 / 60 / 25 м²,ул. Вильямса, 3а
92 550 $,2 комнаты,1157 $ за м²,23 из 26,*** not found ,*** not found ,79.97 / 34.01 / 24.86 м²,ул. Жмаченко,
80 000 $,4 комнаты,879 $ за м²,25 из 26,*** not found ,<span>26 ноября 2020 г.</span>,91 / 53.47 / 8 м²,ул. Радченко,
115 000 $,2 комнаты,1797 $ за м²,24 из 25,год постройки2018,монолитно-каркасные,64 / - / 13 м²,Ясиноватский пер.,10
4 335 178 грн,1 комната,*** not found ,*** not found ,*** not found ,*** not found ,61 м²,ЖК Бульвар Фонтанов,
155 000 $,2 комнаты,1649 $ за м²,7 из 25,*** not found ,<span>18 февраля 2020 г.</span>,94 / 36 / 30 м²,ул. Вышгородская,
220 000 $,3 комнаты,1982 $ за м²,4 из 17,год постройки2010,монолитно-каркасные,111 м²,ул. Вышгородская, 45а/3
95 000 $,2 комнаты,2065 $ за м²,3 из 24,год постройки2017,монолитно-каркасные,46 м²,ул. Герцена,35
115 000 $,1 комната,2875 $ за м²,15 из 24,год постройки2017,монолитно-каркасные,40 / 16 / 11 м²,ул. Предславинская,57
1 750 000 грн,2 комнаты,25 000 грн за м²,10 из 24,*** not found ,*** not found ,70 / 36.97 / 13 м²,ул. Вербицкого,
240 000 $,3 комнаты,2857 $ за м²,4 из 5,год постройки1955,кирпичные,84 / 55 / 9 м²,ул. Тарасовская, 2/21
1 158 740 грн,1 комната,*** not found ,*** not found ,*** not found ,*** not found ,53 м²,ЖК Olympic Park,
170 000 $,3 комнаты,2125 $ за м²,11 из 24,год постройки2018,монолитно-каркасные,80 / 37 / 17 м²,ул. Липковского (Урицкого), 33а
93 000 $,3 комнаты,1329 $ за м²,10 из 10,год постройки2014,монолитно-каркасные,70 / 40 / 12 м²,ул. Кирилловская (Фрунзе), 85/87а
145 000 $,2 комнаты,1058 $ за м²,1 из 3,*** not found ,<span>11 ноября 2020 г.</span>,137 / 80 / 15 м²,Маршака пер.,
47 211 $,1 комната,926 $ за м²,7 из 13,*** not found ,кирпичные,51 / 15 / 18 м²,ул. Берковецкая,6
81 000 $,2 комнаты,1558 $ за м²,25 из 25,год постройки2015,монолитно-каркасные,52 / 32 / 10 м²,ул. Драгоманова, 2а
750 000 $,5 комнат,3024 $ за м²,8 из 9,год постройки2002,монолитно-каркасные,248 / 150 / 48 м²,ул. Хмельницкого,80
84 950 $,1 комната,1634 $ за м²,7 из 25,год постройки2016,монолитно-каркасные,52 / 41 / 10 м²,ул. Драгоманова,2
190 000 $,2 комнаты,2568 $ за м²,23 из 25,год постройки2019,монолитно-каркасные,74 / 40 / 25 м²,ул.  Сверстюка (Марины Расковой),6
85 000 $,1 комната,787 $ за м²,3 из 3,*** not found ,<span>28 октября 2020 г.</span>,108 / - / 17 м²,ул. Лысянская,
211 000 $,2 комнаты,1899 $ за м²,17 из 25,*** not found ,кирпичные,111.1 / 50.6 / 24.3 м²,ул. Антоновича (Горького),
136 279 $,1 комната,1100 $ за м²,14 из 15,год постройки2019,*** not found ,123.89 / 84 / 13 м²,ул. Максимовича (Онуфрия Трутенко),
71 000 $,1 комната,1291 $ за м²,23 из 26,*** not found ,<span>2 ноября 2020 г.</span>,55 / 16 / 16 м²,Днепровская наб.,
95 000 $,3 комнаты,1418 $ за м²,3 из 9,год постройки1975,панельные,67 / 40 / 8 м²,ул. Васильковская,2
120 000 $,2 комнаты,1714 $ за м²,24 из 25,год постройки2017,монолитно-каркасные,70 / 45 / 20 м²,ул. Панельная, 4а
335 000 $,2 комнаты,3807 $ за м²,15 из 19,год постройки2010,монолитно-каркасные,88 / 48 / 24 м²,ул. Драгомирова,3
38 500 $,1 комната,1604 $ за м²,6 из 9,год постройки1977,*** not found ,24 / 16 / 8 м²,ул. Выборгская, 55/13
47 000 $,1 комната,1098 $ за м²,15 из 25,год постройки2019,монолитно-каркасные,42.8 / - / 9 м²,ул. Гулака,
105 000 $,3 комнаты,1092 $ за м²,9 из 26,*** not found ,<span>4 февраля</span>,96.19 / 47.06 / 15.88 м²,ул. Маланюка (Степана Сагайдака),
163 000 $,1 комната,3543 $ за м²,20 из 24,год постройки2019,монолитно-каркасные,46 / 17 / 13 м²,ул. Антоновича (Горького),44
1 500 000 $,4 комнаты,6000 $ за м²,20 из 21,год постройки2013,монолитно-каркасные,250 м²,ул. Болсуновская (Сергея Струтинского),2
49 000 $,1 комната,1324 $ за м²,18 из 25,год постройки2018,монолитно-каркасные,37 / 15 / 12 м²,ул. Каховская,60
100 000 $,1 комната,1961 $ за м²,8 из 22,год постройки2019,монолитно-каркасные,51 м²,ул. Осокорская, 2а
130 000 $,2 комнаты,2131 $ за м²,24 из 25,год постройки2018,монолитно-каркасные,61 / 12 / 27 м²,ул. Липковского (Урицкого), 37б
2 688 000 грн,3 комнаты,24 436 грн за м²,23 из 24,год постройки2009,монолитно-каркасные,110 / 70.5 / 11.1 м²,ул. Срибнокильская, 3в
52 600 $,3 комнаты,822 $ за м²,4 из 5,*** not found ,*** not found ,64 / 43 / 8.2 м²,бульв. Гавела (Ивана Лепсе),
39 000 $,2 комнаты,1215 $ за м²,1 из 5,год постройки1961,кирпичные,32.1 / 21.6 / 4.9 м²,ул. Телиги, 7б
110 000 $,3 комнаты,1000 $ за м²,13 из 18,год постройки2003,монолитно-каркасные,110 / 52 / 13 м²,ул. Ахматовой,31
135 000 $,2 комнаты,2647 $ за м²,23 из 34,год постройки2018,монолитно-каркасные,51 м²,просп. Победы (Брест-Литовский), 5в
139 860 $,2 комнаты,1998 $ за м²,14 из 24,год постройки2008,монолитно-каркасные,70 / 40 / 20 м²,ул. Саксаганского,121
70 000 $,2 комнаты,1556 $ за м²,4 из 9,год постройки1967,*** not found ,45 / 29 / 8 м²,бульв. Украинки, 16а
95 000 $,2 комнаты,1280 $ за м²,4 из 10,год постройки2017,кирпичные,74.2 / 40 / 21.1 м²,ул. Радистов, 34г
155 000 $,2 комнаты,2214 $ за м²,1,год постройки1936,кирпичные,70 / 35 / 8 м²,ул. Лысенко,8
56 850 $,1 комната,1384 $ за м²,13 из 19,*** not found ,<span>вчера в 21:10</span>,41.08 / 18 / 15 м²,ул. Максимовича (Онуфрия Трутенко),
140 000 $,3 комнаты,1750 $ за м²,9 из 25,год постройки2010,монолитно-каркасные,80 / 47 / 9 м²,просп. Победы (Брест-Литовский), 121б
110 000 $,2 комнаты,2750 $ за м²,15 из 26,год постройки2019,монолитно-каркасные,40 / 28 / 9 м²,Днепровская наб., 16г
145 000 $,2 комнаты,2685 $ за м²,18 из 24,год постройки2013,монолитно-каркасные,54 / 14 / 20 м²,ул. Коновальца (Щорса), 44а
280 000 $,3 комнаты,2857 $ за м²,22 из 23,год постройки2012,монолитно-каркасные,98 / 58 / 30 м²,Днепровская наб.,14
270 000 $,5 комнат,1459 $ за м²,17 из 20,*** not found ,*** not found ,185 / 90 / 18 м²,ул. Златоустовская,
50 500 $,1 комната,1036 $ за м²,11 из 26,*** not found ,<span>12 февраля</span>,48.75 / 14.61 / 18.47 м²,ул. Северо-Сырецкая,
39 000 $,2 комнаты,534 $ за м²,3 из 5,*** not found ,<span>20 сентября 2020 г.</span>,73 / - / 22 м²,ул. Дьяченко,
490 000 $,3 комнаты,4455 $ за м²,11 из 25,год постройки2013,монолитно-каркасные,110 м²,ул. Драгомирова, 20а
34 988 $,1 комната,875 $ за м²,4 из 11,*** not found ,<span>16 декабря 2019 г.</span>,40 / 16 / 12 м²,ул. Лобачевского,
311 000 $,5 комнат,1885 $ за м²,4 из 15,год постройки2009,монолитно-каркасные,165 м²,ул. Толстого,39
65 000 $,3 комнаты,878 $ за м²,3 из 9,год постройки1985,утепленная панель,74 / 41 / - м²,ул. Вербицкого,24
169 000 $,2 комнаты,2965 $ за м²,7 из 24,год постройки2018,монолитно-каркасные,57 / 11 / 36 м²,ул. И. Павла ІІ (Патриса Лумумбы),11
70 000 $,3 комнаты,1000 $ за м²,1 из 9,год постройки1989,утепленная панель,70 / 41 / 7.18 м²,ул. Бережанская, 16а
103 000 $,3 комнаты,1188 $ за м²,23 из 25,год постройки2019,монолитно-каркасные,86.72 м²,ул.  Сверстюка (Марины Расковой),6
140 000 $,3 комнаты,1795 $ за м²,9 из 14,год постройки1998,кирпичные,78 м²,просп. Героев Сталинграда,20
116 500 $,1 комната,1985 $ за м²,15 из 22,год постройки2013,монолитно-каркасные,58.7 / 16 / 23 м²,просп. Победы (Брест-Литовский),42
107 000 $,3 комнаты,1163 $ за м²,18 из 26,год постройки2008,монолитно-каркасные,92 / 49 / 14 м²,ул. Львовская,22
77 000 $,1 комната,1426 $ за м²,16 из 24,год постройки2015,монолитно-каркасные,54 / 22 / 11 м²,ул. Драгоманова, 2б
165 000 $,3 комнаты,1941 $ за м²,7 из 16,год постройки2019,монолитно-каркасные,85 / 40 / 30 м²,просп. Победы (Брест-Литовский), 67к2
450 000 $,10 комнат,1286 $ за м²,25 из 25,*** not found ,*** not found ,350 / 300 / 50 м²,ул. Здолбуновская,
195 000 $,3 комнаты,2434 $ за м²,25 из 34,год постройки2018,монолитно-каркасные,80.1 / 42.5 / 11.5 м²,просп. Победы (Брест-Литовский), 5в
480 000 $,4 комнаты,2824 $ за м²,7 из 12,год постройки2006,монолитно-каркасные,170 м²,ул. Антоновича (Горького),72
120 000 $,2 комнаты,2500 $ за м²,9 из 9,год постройки1972,кирпичные,48 м²,бульв. Украинки,24
58 000 $,2 комнаты,1055 $ за м²,1 из 9,год постройки1976,панельные,55 / 21.7 / 11 м²,ул. Наумова,27
1 500 000 $,4 комнаты,6522 $ за м²,2 из 5,год постройки1914,кирпичные,230 / 115 / 31 м²,ул. Богомольца,5
345 700 $,3 комнаты,2220 $ за м²,8 из 11,*** not found ,<span>3 февраля</span>,155.72 / 95 / 40 м²,ул. Бойчука (Киквидзе),
126 000 $,2 комнаты,1544 $ за м²,4 из 25,*** not found ,монолитно-каркасные,81.6 / 37 / 17 м²,ул. Бойчука (Киквидзе),
158 000 $,2 комнаты,1732 $ за м²,24 из 25,год постройки2008,монолитно-каркасные,91.2 / 41 / 16.6 м²,ул. Голосеевская, 13б
206 315 $,3 комнаты,1715 $ за м²,13 из 16,год постройки2017,монолитно-каркасные,120.3 / 62.6 / 18.4 м²,ул. Малевича (Василия Боженко),48
33 000 $,1 комната,1138 $ за м²,4 из 9,год постройки1973,кирпичные,29 м²,ул. Семьи Идзиковских (Михаила Мишина),17
250 000 $,2 комнаты,3731 $ за м²,2 из 6,год постройки1956,кирпичные,67 м²,ул. Владимирская,19
63 500 $,2 комнаты,882 $ за м²,18 из 25,год постройки2020,панельные,72 / 36 / 12 м²,Балтийский пер.,
2 100 000 грн,2 комнаты,38 182 грн за м²,6 из 9,год постройки1981,кирпичные,55 / 12.9 / 24.7 м²,ул. Феодосийская,4
1 180 000 грн,1 комната,24 979 грн за м²,17 из 26,*** not found ,<span>15 июля 2020 г.</span>,47.24 / - / 16 м²,ул. Кибальчича,
42 000 $,1 комната,852 $ за м²,11 из 25,*** not found ,*** not found ,49.31 / 18 / 10 м²,ул. Ревуцкого,
146 000 $,2 комнаты,2355 $ за м²,9 из 24,*** not found ,<span>18 февраля</span>,62 / - / 13 м²,ул. Предславинская,
299 000 $,3 комнаты,2300 $ за м²,23 из 25,год постройки2005,монолитно-каркасные,130 / 86 / 13 м²,ул. Коновальца (Щорса), 32г
141 000 $,3 комнаты,2104 $ за м²,4 из 4,год постройки1940,кирпичные,67 / 42 / 10 м²,ул. Антоновича (Горького),123
41 000 $,1 комната,976 $ за м²,15 из 26,*** not found ,*** not found ,42 / 17 / 10 м²,Машиностроительный пер.,
115 000 $,3 комнаты,1554 $ за м²,6 из 12,год постройки1976,кирпичные,74 / 40 / 11 м²,ул. Гаврилишина (Ванды Василевской),4
81 000 $,3 комнаты,920 $ за м²,21 из 22,год постройки2018,кирпичные,88 / 55 / 10 м²,Харьковское ш.,190
103 950 $,1 комната,2121 $ за м²,10 из 19,год постройки2010,монолитно-каркасные,49 / 22 / 14 м²,ул. Ломоносова, 75а
1 468 067 грн,1 комната,34 954 грн за м²,8 из 25,год постройки2022,<span>9 декабря 2020 г.</span>,42 / 20 / 14 м²,ул.  Сверстюка (Марины Расковой),
68 000 $,1 комната,1388 $ за м²,10 из 16,год постройки2006,утепленная панель,49 м²,ул. Гонгадзе (Машиностроительная), 21а
80 000 $,2 комнаты,1455 $ за м²,5 из 8,год постройки1957,кирпичные,55 / 28 / 8 м²,просп. Воздухофлотский,34
112 000 $,1 комната,2667 $ за м²,6 из 25,год постройки2019,монолитно-каркасные,42 / 16.2 / 11.3 м²,ул. Маккейна (Ивана Кудри),1
319 000 $,3 комнаты,2246 $ за м²,4 из 18,год постройки2004,монолитно-каркасные,142 / 78 / 18 м²,ул. Старонаводницкая, 4в
98 000 $,1 комната,1960 $ за м²,3 из 10,год постройки2016,монолитно-каркасные,50 / - / 12 м²,ул. Практичная,2
50 000 $,1 комната,1562 $ за м²,9 из 9,год постройки1977,панельные,32 / 17 / 7 м²,просп. Оболонский,37
49 990 $,1 комната,1136 $ за м²,24 из 26,*** not found ,*** not found ,44 / 16 / 14 м²,ул. Причальная,
89 500 $,2 комнаты,1721 $ за м²,5 из 9,год постройки1973,кирпичные,52 / 30 / 7 м²,ул. Никольско-Ботаническая, 6/8
350 000 $,3 комнаты,2244 $ за м²,9 из 11,*** not found ,*** not found ,156 / 81 / 20 м²,ул. Бойчука (Киквидзе),
210 000 $,2 комнаты,1707 $ за м²,17 из 24,*** not found ,*** not found ,123 / 60 / 30 м²,ул. Глубочицкая,
345 000 $,3 комнаты,2091 $ за м²,17 из 24,год постройки2015,монолитно-каркасные,165 / 77 / 40 м²,ул. Драгомирова, 2а
90 000 $,1 комната,1364 $ за м²,20 из 20,год постройки2018,монолитно-каркасные,66 / 32 / 13.6 м²,ул. Глубочицкая,13
170 000 $,3 комнаты,2068 $ за м²,4 из 5,год постройки1910,кирпичные,82.2 / 43.2 / 26.9 м²,ул. Большая Васильковская (Красноармейская),43
110 000 $,1 комната,2683 $ за м²,22 из 25,*** not found ,<span>8 августа 2020 г.</span>,41 / 23 / 6 м²,ул. Тимошенко,
59 000 $,2 комнаты,1405 $ за м²,3 из 9,год постройки1967,*** not found ,42 / 28 / 6.5 м²,ул. Энтузиастов,39
145 000 $,3 комнаты,2377 $ за м²,1 из 9,год постройки1972,кирпичные,61 / 41 / 5 м²,Ипсилантиевский (Аистова) пер.,3
79 000 $,2 комнаты,988 $ за м²,28 из 28,год постройки2010,монолитно-каркасные,80 / 30 / 20 м²,ул. Туманяна, 15а
375 000 $,3 комнаты,3151 $ за м²,*** not found ,*** not found ,монолитно-каркасные,119 м²,ул. Драгомирова,7
122 000 $,1 комната,2302 $ за м²,5 из 12,год постройки2013,монолитно-каркасные,53 м²,ул. Черновола (Косиора),27
255 000 $,2 комнаты,4048 $ за м²,12 из 19,год постройки2013,монолитно-каркасные,63 м²,ул. Болсуновская (Сергея Струтинского),2
85 000 $,2 комнаты,1977 $ за м²,5 из 5,год постройки1961,кирпичные,43 м²,ул. Подвысоцкого,3
240 800 $,2 комнаты,2800 $ за м²,8 из 27,год постройки2017,монолитно-каркасные,86 / 43 / 22 м²,просп. Оболонский,26
455 000 $,3 комнаты,3792 $ за м²,*** not found ,*** not found ,монолитно-каркасные,120 м²,ул. Драгомирова,20
165 000 $,3 комнаты,1528 $ за м²,7 из 10,год постройки2005,кирпичные,108 / 56 / 13 м²,ул. Котельникова,37
100 000 $,3 комнаты,1064 $ за м²,3 из 25,год постройки2017,*** not found ,94 / 57 / 15 м²,ул. Нижнеключевая,
195 000 $,3 комнаты,1696 $ за м²,20 из 24,год постройки2007,монолитно-каркасные,115 / 51.7 / 16 м²,Днепровская наб., 19в
41 000 $,1 комната,1131 $ за м²,14 из 26,*** not found ,*** not found ,36.25 / 15 / 11.9 м²,ул. Радченко,
70 000 $,2 комнаты,1273 $ за м²,2 из 3,год постройки1955,кирпичные,55 / 26.7 / 6.7 м²,ул. Ясногорская,28
71 400 $,2 комнаты,1152 $ за м²,13 из 26,год постройки2020,*** not found ,62 / 34 / 13 м²,ул. Каховская,
3 711 865 грн,1 комната,*** not found ,*** not found ,*** not found ,*** not found ,53 м²,ЖК Washington Concept House,
60 000 $,3 комнаты,1237 $ за м²,3 из 3,*** not found ,<span>6 декабря 2019 г.</span>,48.5 / 33.2 / 6.1 м²,ул. Дмитриевская,
240 000 $,3 комнаты,1967 $ за м²,22 из 30,год постройки2013,монолитно-каркасные,122 / 62 / 35 м²,ул. Оболонская набережная, 1к1
260 000 $,3 комнаты,2889 $ за м²,4 из 14,год постройки2013,монолитно-каркасные,90 / 53 / 15 м²,ул. Черновола (Косиора), 29а
127 000 $,2 комнаты,2309 $ за м²,7 из 9,год постройки1977,панельные,55 / 33 / 8 м²,бульв. Дружбы Народов,3
40 000 $,1 комната,1000 $ за м²,11 из 16,*** not found ,*** not found ,40 / 15 / 12 м²,ул. Метрологическая,
1 796 439 грн,1 комната,*** not found ,*** not found ,*** not found ,*** not found ,46 м²,ЖК Forward,
3 400 000 $,5 комнат,10 000 $ за м²,*** not found ,*** not found ,монолитно-каркасные,340 м²,ул. Коновальца (Щорса), 26а
44 500 $,1 комната,1085 $ за м²,2 из 25,*** not found ,<span>22 декабря 2020 г.</span>,41 / 16 / 15 м²,Надднепрянское ш.,
125 000 $,2 комнаты,2660 $ за м²,3 из 5,год постройки1954,кирпичные,47 / 27 / 7 м²,Никольский (Январский) пер.,9
51 000 $,3 комнаты,927 $ за м²,9 из 9,год постройки1972,*** not found ,55 / 35 / 6 м²,ул. Коласа,11
1 707 790 грн,2 комнаты,*** not found ,*** not found ,*** not found ,*** not found ,79 м²,ЖК Dibrova Park,
65 000 $,2 комнаты,1000 $ за м²,7 из 20,год постройки2018,монолитно-каркасные,65 / 34.21 / 10.34 м²,бульв. Вернадского,24
55 000 $,1 комната,1719 $ за м²,17 из 25,год постройки2018,монолитно-каркасные,32 м²,ул. Калнышевского (Михаила Майорова),6
94 500 $,2 комнаты,1500 $ за м²,1 из 8,год постройки1957,кирпичные,63 / 36 / 15 м²,просп. Воздухофлотский,34
115 000 $,1 комната,2300 $ за м²,15 из 25,год постройки2009,монолитно-каркасные,50 / 25 / 11 м²,ул. Никольско-Слободская, 1а
45 000 $,1 комната,1250 $ за м²,11 из 26,*** not found ,*** not found ,36 / 12 / 14 м²,просп. Победы (Брест-Литовский),
85 000 $,1 комната,2429 $ за м²,9 из 9,год постройки2019,монолитно-каркасные,35 / 30 / 5 м²,ул. Мартовская,16
5 204 750 грн,1 комната,*** not found ,*** not found ,*** not found ,*** not found ,52 м²,ЖК Krauss Gallery,
84 500 $,1 комната,1690 $ за м²,21 из 25,*** not found ,*** not found ,50 / 15 / 13 м²,ул. Пчилки,
350 000 $,3 комнаты,2121 $ за м²,7 из 15,год постройки2005,монолитно-каркасные,165 / 90 / 25 м²,просп. Героев Сталинграда,4
182 000 $,2 комнаты,2563 $ за м²,28 из 34,год постройки2018,монолитно-каркасные,71 / 40 / 20 м²,просп. Победы (Брест-Литовский), 5в
188 999 $,3 комнаты,1718 $ за м²,4 из 19,год постройки2017,монолитно-каркасные,110 / 61 / 16 м²,ул. Ломоносова, 46/1
147 000 $,3 комнаты,1441 $ за м²,4 из 8,год постройки2011,монолитно-каркасные,102 / 19.2 / 23.7 м²,ул. Протасов Яр,8
89 900 $,3 комнаты,1124 $ за м²,24 из 25,*** not found ,<span>27 сентября 2020 г.</span>,80 / 35 / 35 м²,ул. Нижнеключевая,
66 900 $,3 комнаты,1115 $ за м²,5 из 9,год постройки1977,панельные,60 / 39 / 7 м²,ул. Кулибина, 6а
75 000 $,2 комнаты,1071 $ за м²,3 из 25,год постройки2015,монолитно-каркасные,70 / 35 / 12 м²,ул. Пчилки,8
58 000 $,4 комнаты,725 $ за м²,1 из 9,год постройки1987,кирпичные,80 / 54 / 8 м²,ул. Симиренко,34
140 000 $,3 комнаты,1667 $ за м²,7 из 10,*** not found ,<span>2 марта 2018 г.</span>,84 / 50 / 16 м²,ул. Регенераторная,
82 000 $,3 комнаты,1139 $ за м²,10 из 16,год постройки1995,утепленная панель,72 / 41.9 / 8.2 м²,ул. Ахматовой, 16в
215 000 $,2 комнаты,2240 $ за м²,10 из 25,год постройки2005,монолитно-каркасные,96 / 42 / 17 м²,ул. Коновальца (Щорса), 32г
33 400 $,1 комната,1044 $ за м²,1 из 5,год постройки1961,кирпичные,32 / 18 / 6 м²,ул. Вифлеемская (Академика Шлихтера), 2/26
100 000 $,4 комнаты,885 $ за м²,4 из 14,год постройки2000,утепленная панель,113 / 43 / 24 м²,ул. Гмыри, 9в
240 000 $,3 комнаты,2017 $ за м²,5 из 25,год постройки2008,монолитно-каркасные,119 м²,ул. Голосеевская,13
62 000 $,2 комнаты,1016 $ за м²,23 из 25,год постройки2018,монолитно-каркасные,61 / 26 / 12 м²,бульв. Вернадского,24
115 000 $,2 комнаты,1533 $ за м²,18 из 25,год постройки2014,монолитно-каркасные,75 / 34 / 12 м²,просп. Соборности (Воссоединения),30
143 560 $,1 комната,2618 $ за м²,9 из 30,*** not found ,*** not found ,54.83 / 16.75 / 20.92 м²,ул. Антоновича (Горького),
130 000 $,3 комнаты,1585 $ за м²,4 из 6,*** not found ,<span>7 октября 2020 г.</span>,82 / 54 / 15 м²,ул. Регенераторная,
152 000 $,3 комнаты,1551 $ за м²,7 из 20,год постройки2010,монолитно-каркасные,98 / 56 / 16 м²,ул. Калнышевского (Михаила Майорова),7
33 800 $,1 комната,1056 $ за м²,3 из 5,год постройки1966,кирпичные,32 / 21 / 7 м²,ул. Стеценко,3
55 000 $,1 комната,1486 $ за м²,2 из 25,*** not found ,*** not found ,37 / 15.3 / 9 м²,бульв. Кольцова,
110 000 $,3 комнаты,1146 $ за м²,16 из 22,год постройки2005,монолитно-каркасные,96 / 51.9 / 13.2 м²,просп. Палладина,20
200 000 $,2 комнаты,2703 $ за м²,12 из 14,год постройки2015,монолитно-каркасные,74 / 39 / 13 м²,ул. Тютюнника (Анри Барбюса),53
70 000 $,2 комнаты,1296 $ за м²,4 из 26,*** not found ,<span>16 февраля</span>,54 / 24 / 10 м²,ул. Львовская,
160 888 $,3 комнаты,1828 $ за м²,5 из 5,год постройки1962,кирпичные,88 / 39 / 38 м²,Марьяненко пер.,7
189 000 $,3 комнаты,1510 $ за м²,3 из 18,год постройки2015,<span>1 февраля</span>,125.2 / 55 / 32 м²,ул. Вышгородская,
135 000 $,2 комнаты,2077 $ за м²,16 из 23,год постройки2012,монолитно-каркасные,65 / 25 / 18 м²,Днепровская наб., 14б
215 000 $,2 комнаты,4300 $ за м²,3 из 3,год постройки1903,кирпичные,50 / 26 / 8 м²,Андреевский спуск,11
102 000 $,3 комнаты,1020 $ за м²,10 из 10,год постройки1998,утепленная панель,100 / 57 / 20 м²,ул. Урловская,5
193 750 $,3 комнаты,1550 $ за м²,22 из 22,год постройки2016,монолитно-каркасные,125 / 75 / 23 м²,бульв. Гавела (Ивана Лепсе), 6/7а
54 000 $,1 комната,982 $ за м²,10 из 25,год постройки2020,*** not found ,55 / 18 / 18 м²,Балтийский пер.,
70 000 $,2 комнаты,1273 $ за м²,4 из 5,год постройки1938,кирпичные,55 / 39 / 8 м²,ул. Багговутовская,4
3 180 495 грн,1 комната,*** not found ,*** not found ,*** not found ,*** not found ,49 м²,ЖК CRYSTAL RESIDENCE,
50 500 $,1 комната,973 $ за м²,18 из 25,*** not found ,*** not found ,51.89 / 18 / 12 м²,Балтийский пер.,
57 000 $,3 комнаты,1036 $ за м²,1 из 5,год постройки1966,кирпичные,55 / 44 / 6 м²,ул. Воробьева (Курская),9
130 000 $,2 комнаты,2152 $ за м²,1 из 5,год постройки1937,кирпичные,60.4 / 37.3 / 9.2 м²,ул. Гончара, 14/26
262 000 $,3 комнаты,2015 $ за м²,6 из 17,год постройки2019,монолитно-каркасные,130 / 70 / 15 м²,ул. Лейпцигская,13
66 000 $,1 комната,1650 $ за м²,12 из 16,год постройки2019,монолитно-каркасные,40 / 18 / 9 м²,ул. Тираспольская,58
3 249 056 грн,1 комната,*** not found ,*** not found ,*** not found ,*** not found ,56 м²,ЖК Diadans,
2 000 000 грн,2 комнаты,26 667 грн за м²,8 из 26,год постройки2019,монолитно-каркасные,75 / 37 / 10 м²,ул. Краковская, 27а
78 000 $,4 комнаты,796 $ за м²,2 из 9,год постройки1985,утепленная панель,98 / 64 / 8 м²,ул. Сабурова,17
90 500 $,1 комната,1550 $ за м²,17 из 21,*** not found ,*** not found ,58.4 / 20 / 15 м²,ул. Глубочицкая,
80 000 $,2 комнаты,1569 $ за м²,6 из 9,год постройки1981,утепленная панель,51 / 30 / 7 м²,просп. Героев Сталинграда,26
906 080 грн,1 комната,*** not found ,*** not found ,*** not found ,*** not found ,32 м²,ЖК Chalet,
4 500 000 $,4 комнаты,14 610 $ за м²,18 из 21,год постройки2011,монолитно-каркасные,308 м²,ул. Ивана Мазепы (Январского восстания), 11б
32 000 $,1 комната,1067 $ за м²,4 из 25,*** not found ,<span>9 февраля</span>,30 / 15 / 6 м²,ул. Радченко,
190 000 $,2 комнаты,2111 $ за м²,14 из 16,год постройки1983,кирпичные,90 / - / 15 м²,ул. Алмазова (Кутузова),6
220 000 $,3 комнаты,3607 $ за м²,2 из 5,*** not found ,кирпичные,61 / 30 / 10 м²,ул. Городецкого, 10/1
110 000 $,3 комнаты,1048 $ за м²,9 из 26,*** not found ,<span>25 января 2020 г.</span>,105 / 49 / 20 м²,ул. Маланюка (Степана Сагайдака),
43 000 $,1 комната,1344 $ за м²,3 из 26,год постройки2018,монолитно-каркасные,32 / 18 / 8 м²,ул. Каховская,60
983 253 грн,1 комната,*** not found ,*** not found ,*** not found ,*** not found ,27 м²,ЖК Svitlo Park,
65 000 $,1 комната,1757 $ за м²,5 из 27,год постройки2019,панельные,37 / 16 / 9 м²,ул. Вишняковская,2
110 000 $,2 комнаты,1447 $ за м²,15 из 16,год постройки2004,монолитно-каркасные,76 / 48 / 14 м²,ул. Миропольская,39
150 000 $,3 комнаты,2000 $ за м²,24 из 25,год постройки2014,монолитно-каркасные,75 / 44 / 12 м²,ул. Феодосийская, 3в
125 500 $,2 комнаты,1931 $ за м²,4 из 16,год постройки2017,монолитно-каркасные,65 / 30 / 15 м²,ул. Малевича (Василия Боженко),48
200 000 $,3 комнаты,1754 $ за м²,2 из 10,год постройки2000,монолитно-каркасные,114 / 60 / 20 м²,ул. Тютюнника (Анри Барбюса),40
480 000 $,1 комната,3158 $ за м²,9 из 21,год постройки2004,монолитно-каркасные,152 м²,ул. Коновальца (Щорса), 32а
235 000 $,4 комнаты,2043 $ за м²,14 из 24,год постройки2012,монолитно-каркасные,115 / 60 / 27 м²,Днепровская наб., 19а
82 000 $,2 комнаты,921 $ за м²,12 из 27,*** not found ,*** not found ,89 / 44 / 17 м²,ул. Маланюка (Степана Сагайдака),
121 975 $,2 комнаты,1742 $ за м²,3 из 22,год постройки2019,монолитно-каркасные,70 / 35 / 15 м²,ул. Жилянская,
200 000 $,2 комнаты,2375 $ за м²,9 из 26,год постройки2017,монолитно-каркасные,84.2 / 60.1 / 12.6 м²,просп. Оболонский,26
250 000 $,4 комнаты,1586 $ за м²,9 из 17,год постройки2001,кирпичные,157.6 / 125 / 21 м²,ул. Павловская,18
205 000 $,2 комнаты,2412 $ за м²,3 из 7,год постройки1948,кирпичные,85 / 52 / 13 м²,Крутой спуск, 6/2
76 466 $,2 комнаты,921 $ за м²,9 из 13,*** not found ,*** not found ,83 / 37 / 24 м²,ул. Берковецкая,
240 000 $,3 комнаты,2017 $ за м²,22 из 30,год постройки2013,монолитно-каркасные,119 м²,ул. Оболонская набережная, 1к1
150 000 $,2 комнаты,1500 $ за м²,25 из 26,год постройки2018,монолитно-каркасные,100 / 52 / 42 м²,ул. Заречная, 2к2
69 000 $,1 комната,1643 $ за м²,9 из 9,год постройки2018,монолитно-каркасные,42 / 15.6 / 10 м²,ул. Юношеская,8
74 900 $,1 комната,1702 $ за м²,3 из 17,год постройки2017,монолитно-каркасные,44 / 15 / 16 м²,просп. Правды, 45а
1 350 000 $,4 комнаты,5153 $ за м²,17 из 17,год постройки2010,монолитно-каркасные,262 / 50 / 100 м²,ул. Драгомирова,5
386 000 $,4 комнаты,3088 $ за м²,*** not found ,*** not found ,монолитно-каркасные,125 м²,ул. Драгомирова,7
31 500 $,1 комната,900 $ за м²,21 из 25,*** not found ,<span>8 декабря 2020 г.</span>,35 / - / 12 м²,ул. Крайняя,
58 000 $,2 комнаты,1137 $ за м²,2 из 10,год постройки1987,утепленная панель,51 / 30 / 8 м²,Харьковское ш., 168е
115 000 $,2 комнаты,1742 $ за м²,15 из 25,год постройки2018,монолитно-каркасные,66 / 30 / 18 м²,просп. Правды,43
64 999 $,3 комнаты,956 $ за м²,1 из 9,год постройки1973,кирпичные,68 / 41.1 / 7.6 м²,просп. Победы (Брест-Литовский), 116а
69 900 $,3 комнаты,999 $ за м²,6 из 9,год постройки1969,*** not found ,70 / 46.2 / 7.2 м²,ул. Братиславская,26
220 000 $,3 комнаты,1947 $ за м²,18 из 27,год постройки2015,утепленная панель,113 / 59 / 40 м²,ул. Краснопольская, 2г
2 873 080 грн,2 комнаты,43 400 грн за м²,22 из 22,год постройки2016,монолитно-каркасные,66.2 / 27.6 / 26 м²,бульв. Гавела (Ивана Лепсе), 6/7а
186 000 $,2 комнаты,1722 $ за м²,19 из 25,год постройки2014,монолитно-каркасные,108 / 34 / 31 м²,ул. Тютюнника (Анри Барбюса), 37/1
43 000 $,1 комната,935 $ за м²,24 из 26,*** not found ,*** not found ,46 / 14 / 16 м²,ул. Северо-Сырецкая,
55 000 $,3 комнаты,917 $ за м²,5 из 5,год постройки1965,панельные,60 / 42 / 6 м²,ул. Гарматная, 44/2
193 750 $,3 комнаты,1550 $ за м²,22 из 22,год постройки2016,монолитно-каркасные,125 / 75 / 23 м²,бульв. Гавела (Ивана Лепсе), 6/7а
100 999 $,1 комната,1741 $ за м²,3 из 15,год постройки2004,монолитно-каркасные,58 / 16.3 / 18 м²,просп. Героев Сталинграда,6
11 017 941 грн,5 комнат,55 506 грн за м²,25 из 26,*** not found ,*** not found ,198.5 м²,ул. Бойчука (Киквидзе),
149 000 $,3 комнаты,1242 $ за м²,12 из 14,год постройки2011,монолитно-каркасные,120 м²,ул. Кривоноса,17
3 600 804 грн,2 комнаты,*** not found ,*** not found ,*** not found ,*** not found ,68 м²,ЖК Ярославов Град,
45 000 $,1 комната,1071 $ за м²,21 из 25,*** not found ,<span>27 ноября 2020 г.</span>,42 / 15.5 / 9 м²,ул. Бориспольская,
92 000 $,2 комнаты,1333 $ за м²,19 из 25,год постройки2019,монолитно-каркасные,69 / 31 / 21 м²,ул. Ревуцкого,
295 000 $,2 комнаты,3430 $ за м²,21 из 25,год постройки2019,монолитно-каркасные,86 / 55 / 15 м²,ул. Маккейна (Ивана Кудри), 3а
39 900 $,1 комната,1247 $ за м²,8 из 26,*** not found ,*** not found ,32 м²,ул. Радченко,
215 000 $,4 комнаты,1490 $ за м²,17 из 24,год постройки2008,монолитно-каркасные,144.3 / 88.5 / 18.3 м²,ул. Чаадаева,2
2 458 347 грн,1 комната,*** not found ,*** not found ,*** not found ,*** not found ,52 м²,ЖК Manhattan city,
138 000 $,3 комнаты,1500 $ за м²,6 из 25,год постройки2018,монолитно-каркасные,92 / 43.6 / 16.2 м²,ул. Липковского (Урицкого), 37б
50 000 $,2 комнаты,833 $ за м²,20 из 25,год постройки2016,монолитно-каркасные,60 / 30 / 12 м²,ул. Клавдиевская, 40д
92 284 $,2 комнаты,1138 $ за м²,8 из 34,*** not found ,*** not found ,81.09 / 32.32 / 28.26 м²,ул.  Заболотного,
140 000 $,6 комнат,741 $ за м²,12 из 13,год постройки2006,монолитно-каркасные,189 / 122.2 / 20 м²,ул. Ломоносова, 60/5
3 707 378 грн,1 комната,*** not found ,*** not found ,*** not found ,*** not found ,59 м²,ЖК Владимирский,
94 000 $,2 комнаты,1362 $ за м²,8 из 26,год постройки2019,монолитно-каркасные,69 / 25 / 22 м²,Днепровская наб., 16д
45 000 $,1 комната,938 $ за м²,15 из 25,*** not found ,утепленная панель,48 / 18 / 18 м²,ул. Полесская,4
56 000 $,3 комнаты,903 $ за м²,1 из 5,год постройки1963,кирпичные,62 / - / 8 м²,ул. Искровская,2
140 000 $,3 комнаты,1609 $ за м²,18 из 25,год постройки2014,монолитно-каркасные,87 м²,ул. Рижская, 73г
90 000 $,3 комнаты,1084 $ за м²,15 из 23,год постройки2017,монолитно-каркасные,83 / 40 / 19 м²,просп. Правды, 45а
159 000 $,2 комнаты,2446 $ за м²,2 из 4,год постройки1911,кирпичные,65 / 33 / 18 м²,ул. Антоновича (Горького), 3а
1 848 450 грн,1 комната,*** not found ,*** not found ,*** not found ,*** not found ,37 м²,Жилой район Rybalsky,
106 000 $,2 комнаты,1893 $ за м²,2 из 9,*** not found ,<span>8 января</span>,56 / 24 / 16 м²,ул. Салютная,
170 000 $,2 комнаты,2656 $ за м²,3 из 9,год постройки1969,кирпичные,64 / 43 / 10 м²,ул. Омельяновича-Павленко (Суворова),19
91 000 $,3 комнаты,1167 $ за м²,24 из 25,*** not found ,*** not found ,78 / 41 / 8 м²,ул. Стуса,
110 000 $,3 комнаты,1719 $ за м²,5 из 9,год постройки1967,кирпичные,64 / 43 / 7 м²,бульв. Украинки, 20/22
65 000 $,1 комната,1757 $ за м²,4 из 27,год постройки2019,панельные,37 / 17 / 9 м²,ул. Вишняковская,2
260 000 $,3 комнаты,2222 $ за м²,15 из 20,год постройки2019,монолитно-каркасные,117 / 65 / 26 м²,ул. Тютюнника (Анри Барбюса), 28а
125 000 $,2 комнаты,2778 $ за м²,6 из 9,год постройки1965,кирпичные,45 м²,Виноградный пер.,6
65 000 $,1 комната,1548 $ за м²,9 из 16,год постройки2020,*** not found ,42 / 20 / 11 м²,просп. Победы (Брест-Литовский),
158 000 $,3 комнаты,1374 $ за м²,23 из 24,год постройки2012,монолитно-каркасные,115 / 60 / 30 м²,Днепровская наб., 19а
80 000 $,1 комната,1536 $ за м²,29 из 36,*** not found ,*** not found ,52.1 / 19 / - м²,просп. Победы (Брест-Литовский),
68 900 $,3 комнаты,907 $ за м²,5 из 5,год постройки1963,кирпичные,76 / - / 10 м²,ул. Туполева, 16ж
168 000 $,4 комнаты,1461 $ за м²,19 из 20,год постройки1995,кирпичные,115 / 74 / 10 м²,ул. Старонаводницкая, 4а
41 000 $,1 комната,1019 $ за м²,11 из 25,*** not found ,*** not found ,40.22 / 17.9 / 7 м²,Балтийский пер.,
134 900 $,1 комната,2263 $ за м²,7 из 11,*** not found ,*** not found ,59.62 / 18.53 / 17 м²,ул. Бойчука (Киквидзе),
76 700 $,2 комнаты,1743 $ за м²,5 из 5,год постройки1959,кирпичные,44 / 31 / 6 м²,ул. Бастионная, 3/12
129 000 $,3 комнаты,1433 $ за м²,6 из 25,год постройки2014,монолитно-каркасные,90 / 50 / 10.3 м²,ул. Ревуцкого, 7в
295 000 $,2 комнаты,4338 $ за м²,15 из 28,год постройки2013,монолитно-каркасные,68 / 12 / 30 м²,ул. Болсуновская (Сергея Струтинского),2
53 600 $,1 комната,1160 $ за м²,7 из 25,*** not found ,<span>16 февраля</span>,46.22 / 15.5 / 19 м²,просп. Воздухофлотский,
136 000 $,3 комнаты,1281 $ за м²,9 из 21,год постройки2014,монолитно-каркасные,106.2 / 65 / 15 м²,ул. Златоустовская, 47-49
130 000 $,3 комнаты,1529 $ за м²,4 из 25,год постройки2017,панельные,85 / 48.3 / 17 м²,ул. Русовой,7
210 000 $,5 комнат,1615 $ за м²,4 из 4,год постройки1917,кирпичные,130 м²,ул. Саксаганского,32
99 000 $,2 комнаты,2200 $ за м²,5 из 8,год постройки2019,монолитно-каркасные,45 / 38 / 7 м²,ул. Теремковская, 4а
43 970 $,1 комната,956 $ за м²,6 из 25,*** not found ,<span>6 марта 2020 г.</span>,46 / 18 / 17 м²,ул. Кибальчича,
1 040 580 грн,1 комната,25 411 грн за м²,9 из 26,*** not found ,<span>28 января</span>,40.95 / 15.32 / 12.06 м²,ул. Радченко,
180 000 $,3 комнаты,1607 $ за м²,12 из 19,год постройки2008,монолитно-каркасные,112 / 70 / 41 м²,просп. Голосеевский (40-летия Октября),27
39 011 $,2 комнаты,707 $ за м²,27 из 27,*** not found ,*** not found ,55.2 / 30 / 11 м²,Лысогорский спуск,
130 000 $,4 комнаты,1508 $ за м²,5 из 5,год постройки1962,кирпичные,86.2 / 56 / 9 м²,ул. Гоголевская, 11/39
135 000 $,2 комнаты,2455 $ за м²,15 из 25,год постройки2014,монолитно-каркасные,55 / 15 / 21 м²,ул. Тютюнника (Анри Барбюса), 37/1
95 000 $,1 комната,2317 $ за м²,14 из 25,год постройки2018,кирпичные,41 / 15 / 14 м²,ул. Соломенская, 20в
235 000 $,3 комнаты,3133 $ за м²,11 из 24,*** not found ,<span>5 сентября 2020 г.</span>,75 / 32 / 31 м²,просп. Героев Сталинграда,
4 190 000 грн,3 комнаты,33 520 грн за м²,26 из 28,*** not found ,*** not found ,125 / - / 28 м²,ул. Глубочицкая,
6 579 420 грн,3 комнаты,53 000 грн за м²,16 из 26,*** not found ,*** not found ,124.14 м²,ул. Жилянская,
82 000 $,3 комнаты,1039 $ за м²,5 из 9,год постройки1977,кирпичные,78.9 / 50.3 / 7.4 м²,ул. Доброхотова,11
265 000 $,4 комнаты,1677 $ за м²,5 из 16,год постройки2006,монолитно-каркасные,158 / 101 / 12 м²,ул. Жилянская,59
60 000 $,1 комната,1364 $ за м²,15 из 25,*** not found ,кирпичные,44 / 19 / 10.3 м²,просп. Отрадный (Чубаря),
145 000 $,1 комната,3021 $ за м²,2 из 24,год постройки2017,монолитно-каркасные,48 / 36 / 6 м²,ул. Предславинская,57
124 500 $,3 комнаты,2041 $ за м²,1 из 9,год постройки1972,кирпичные,61 / 45 / 10 м²,Ипсилантиевский (Аистова) пер.,3
116 900 $,2 комнаты,1771 $ за м²,7 из 10,год постройки2018,монолитно-каркасные,66 / 14 / 35 м²,ул. Глубочицкая,13
731 500 $,4 комнаты,5500 $ за м²,14 из 29,*** not found ,<span>9 июля 2019 г.</span>,133 м²,просп. Голосеевский (40-летия Октября),
52 000 $,2 комнаты,1106 $ за м²,1 из 9,год постройки1977,панельные,47 / 31 / 7 м²,просп. Оболонский, 30/51
169 000 $,4 комнаты,1252 $ за м²,11 из 12,*** not found ,*** not found ,135 / 66 / 20 м²,ул. Багговутовская,
50 000 $,1 комната,1429 $ за м²,5 из 25,*** not found ,<span>26 октября 2020 г.</span>,35 / 14 / 12.7 м²,просп. Правды,
55 000 $,1 комната,1250 $ за м²,6 из 24,*** not found ,<span>14 декабря 2020 г.</span>,44 / 17 / 14 м²,ул. Причальная,
5 171 040 грн,1 комната,79 800 грн за м²,11 из 11,*** not found ,*** not found ,64.8 / 17.2 / 15 м²,ул. Бойчука (Киквидзе),
46 000 $,1 комната,1122 $ за м²,4 из 10,год постройки2016,кирпичные,41 / 18 / 14 м²,ул. Радистов,34
56 500 $,2 комнаты,1108 $ за м²,2 из 9,год постройки1987,утепленная панель,51 / 31 / 8 м²,ул. Лукьяновская,27
70 000 $,1 комната,1273 $ за м²,19 из 26,год постройки2020,<span>11 ноября 2020 г.</span>,55 / 16 / 20 м²,просп. Правды,
75 000 $,4 комнаты,926 $ за м²,3 из 9,*** not found ,кирпичные,81 м²,ул. Шевелёва (Николая Руднева), 49/20
180 000 $,3 комнаты,2195 $ за м²,24 из 25,год постройки2007,монолитно-каркасные,82 / 42 / 15 м²,просп. Героев Сталинграда, 4а
85 000 $,4 комнаты,955 $ за м²,8 из 18,год постройки1993,утепленная панель,89 / 70 / 8 м²,ул. Ефремова (Уборевича Командарма),21
42 000 $,1 комната,948 $ за м²,4 из 25,*** not found ,<span>16 июля 2020 г.</span>,44.3 / 18 / 11 м²,Балтийский пер.,
88 500 $,1 комната,2011 $ за м²,9 из 11,*** not found ,*** not found ,44 / 20 / 13 м²,ул. Бойчука (Киквидзе),
1 780 000 $,4 комнаты,4972 $ за м²,5 из 21,год постройки2011,монолитно-каркасные,358 / 192.8 / 19.7 м²,ул. Ивана Мазепы (Январского восстания), 11б
120 000 $,3 комнаты,1263 $ за м²,21 из 35,год постройки2006,монолитно-каркасные,95 / 46 / 13 м²,ул. Гришко,9
68 000 $,4 комнаты,1000 $ за м²,10 из 12,*** not found ,<span>7 октября 2020 г.</span>,68 / 47 / 8 м²,ул. Семьи Сосниных,
87 000 $,3 комнаты,777 $ за м²,6 из 17,год постройки2001,утепленная панель,112 / 52 / 25 м²,Харьковское ш.,56
45 000 $,1 комната,1184 $ за м²,9 из 10,год постройки1994,кирпичные,38 м²,ул. Будищанская,6
2 966 148 грн,1 комната,*** not found ,*** not found ,*** not found ,*** not found ,44 м²,МФК Intergal City,
130 000 $,2 комнаты,1796 $ за м²,5 из 7,год постройки1959,кирпичные,72.4 / 42.9 / 6.4 м²,ул. Мечникова, 1/4
61 000 $,1 комната,1525 $ за м²,11 из 25,*** not found ,<span>1 апреля 2020 г.</span>,40 / 15 / 14 м²,Днепровская наб.,
64 000 $,3 комнаты,914 $ за м²,6 из 9,год постройки1986,утепленная панель,70 / 51 / 8.5 м²,просп. Маяковского, 21а
92 128 $,2 комнаты,1602 $ за м²,12 из 19,*** not found ,*** not found ,57.51 / 40.05 / 6.98 м²,ул. Гончара,
240 000 $,1 комната,3810 $ за м²,22 из 31,*** not found ,*** not found ,63 / 25 / 20 м²,ул. И. Павла ІІ (Патриса Лумумбы),
1 484 012 грн,1 комната,*** not found ,*** not found ,*** not found ,*** not found ,42 м²,ЖК Rusaniv Residence,
220 000 $,3 комнаты,1833 $ за м²,2 из 14,год постройки1997,кирпичные,120 / 80 / 15 м²,просп. Героев Сталинграда, 12г
500 000 $,3 комнаты,4167 $ за м²,15 из 29,год постройки2012,монолитно-каркасные,120 м²,ул. Драгомирова,7
280 000 $,2 комнаты,4000 $ за м²,15 из 30,год постройки2016,монолитно-каркасные,70 м²,ул. Драгомирова,11
350 000 $,3 комнаты,2188 $ за м²,5 из 10,год постройки2001,монолитно-каркасные,160 / 100 / 25 м²,просп. Героев Сталинграда, 24а
1 158 740 грн,1 комната,*** not found ,*** not found ,*** not found ,*** not found ,53 м²,ЖК Olympic Park,
666 000 $,1 комната,3000 $ за м²,11 из 18,*** not found ,*** not found ,222 м²,ул. Драгомирова,
173 000 $,2 комнаты,1663 $ за м²,5 из 5,год постройки1917,кирпичные,104 м²,пл. Бессарабская,5
86 000 $,1 комната,1955 $ за м²,2 из 16,год постройки2017,монолитно-каркасные,44 / 25 / 15 м²,ул. Ломоносова, 46/1
53 900 $,1 комната,1147 $ за м²,12 из 16,год постройки1990,утепленная панель,47 / 20 / 12 м²,ул. Тираспольская,
980 000 $,4 комнаты,4893 $ за м²,9 из 19,год постройки2007,монолитно-каркасные,200.3 / 180 / 20 м²,ул. Франко, 4б
220 000 $,3 комнаты,3056 $ за м²,2 из 12,год постройки1977,кирпичные,72 / 13 / 41 м²,ул. Шелковичная,48
1 181 731 грн,1 комната,*** not found ,*** not found ,*** not found ,*** not found ,31 м²,ЖК Берег Днепра,
2 143 050 грн,2 комнаты,32 470 грн за м²,21 из 26,год постройки2021,*** not found ,66 / 35 / 12 м²,просп. Голосеевский (40-летия Октября),
280 000 $,3 комнаты,2333 $ за м²,7 из 10,год постройки2010,монолитно-каркасные,120 / 67 / 15 м²,ул. Ломоносова, 73в
170 000 $,3 комнаты,1789 $ за м²,13 из 21,год постройки1997,монолитно-каркасные,95 / 35 / 38 м²,просп. Героев Сталинграда, 64/56
185 000 $,3 комнаты,1652 $ за м²,7 из 8,год постройки2013,монолитно-каркасные,112 / 70 / 35 м²,ул. Регенераторная, 4к5
135 000 $,2 комнаты,2700 $ за м²,7 из 16,*** not found ,<span>21 октября 2020 г.</span>,50 / 21 / 16 м²,ул. Салютная,
255 000 $,4 комнаты,2024 $ за м²,16 из 25,год постройки2016,монолитно-каркасные,126 / 70 / 15 м²,ул. Саперное Поле, 14/55