Price,rooms,price_per_m2,level,levels,year,area_total,area_living,area_kitchen,street,publish_date
140000.0,2,2258.0,7,9,1969,62.0,47.0,9.0,Омеляновича-Павленка,3 вересня 2020 р.
105000.0,4,847.0,25,26,2018,124.0,71.0,16.0,,7 жовтня 2020 р.
175000.0,3,1786.0,25,26,2010,98.0,None,None,Ованеса Туманяна,1 жовтня 2020 р.
30970.0,1,1106.0,12,13,2013,28.0,13.0,5.0,Петропавлівська,1 лютого
82000.0,2,1281.0,18,26,None,64.0,None,None,Дніпровська,*** not found
168535.7,3,1872.6,4,9,1966,90.0,45.0,10.0,Саксаганського,28 жовтня 2020 р.
4500000.0,4,14610.0,18,21,2011,308.0,None,None,Івана Мазепи,19 жовтня 2020 р.
135000.0,2,2077.0,16,23,2012,65.0,25.0,18.0,Дніпровська,1 вересня 2020 р.
120000.0,1,2500.0,8,25,2012,48.0,18.0,16.0,Ділова,12 жовтня 2020 р.
57500.0,3,625.0,9,9,1970,92.0,None,None,Новодарницька,5 жовтня 2020 р.
98000.0,2,1633.0,21,34,2014,60.0,41.0,27.0,Ревуцького,24 січня
170000.0,3,1735.0,16,22,2018,98.0,48.0,35.0,Липківського,8 липня 2020 р.
320000.0,5,1963.0,23,25,2017,163.0,100.0,14.0,Бендукідзе,11 січня
65000.0,1,2600.0,1,3,None,25.0,20.0,3.0,Введенська,30 листопада 2020 р.
125000.0,2,2778.0,6,9,1965,45.0,None,None,Виноградний,11 лютого
48000.0,1,849.0,22,25,None,None,40.0,10.0,Кайсарова,*** not found
70000.0,1,1273.0,26,27,2004,55.0,22.0,12.0,Ахматової,3 лютого
75000.0,3,1005.0,4,26,None,None,None,None,Радченка,*** not found
84000.0,2,1273.0,6,26,None,66.0,None,18.0,Дніпровська,*** not found
175000.0,1,1725.8,7,25,2012,None,None,None,Ділова,21 січня
63000.0,3,900.0,7,10,1987,70.0,44.0,None,Бориспільська,16 січня
390000.0,3,3000.0,11,28,2013,130.0,48.0,66.0,Болсуновська,12 березня 2018 р.
335000.0,3,3160.0,24,28,2017,106.0,55.0,24.0,Українки,20 лютого
320000.0,3,3137.0,15,24,2016,102.0,70.0,20.0,Антонова,19 червня 2020 р.
140000.0,2,2258.0,7,9,1969,62.0,47.0,9.0,Омеляновича-Павленка,3 вересня 2020 р.
105000.0,4,847.0,25,26,2018,124.0,71.0,16.0,,7 жовтня 2020 р.
175000.0,3,1786.0,25,26,2010,98.0,None,None,Ованеса Туманяна,1 жовтня 2020 р.
30970.0,1,1106.0,12,13,2013,28.0,13.0,5.0,Петропавлівська,1 лютого
82000.0,2,1281.0,18,26,None,64.0,None,None,Дніпровська,*** not found
168535.7,3,1872.6,4,9,1966,90.0,45.0,10.0,Саксаганського,28 жовтня 2020 р.
4500000.0,4,14610.0,18,21,2011,308.0,None,None,Івана Мазепи,19 жовтня 2020 р.
135000.0,2,2077.0,16,23,2012,65.0,25.0,18.0,Дніпровська,1 вересня 2020 р.
120000.0,1,2500.0,8,25,2012,48.0,18.0,16.0,Ділова,12 жовтня 2020 р.
57500.0,3,625.0,9,9,1970,92.0,None,None,Новодарницька,5 жовтня 2020 р.
98000.0,2,1633.0,21,34,2014,60.0,41.0,27.0,Ревуцького,24 січня
170000.0,3,1735.0,16,22,2018,98.0,48.0,35.0,Липківського,8 липня 2020 р.
320000.0,5,1963.0,23,25,2017,163.0,100.0,14.0,Бендукідзе,11 січня
65000.0,1,2600.0,1,3,None,25.0,20.0,3.0,Введенська,30 листопада 2020 р.
125000.0,2,2778.0,6,9,1965,45.0,None,None,Виноградний,11 лютого
48000.0,1,849.0,22,25,None,None,40.0,10.0,Кайсарова,*** not found
70000.0,1,1273.0,26,27,2004,55.0,22.0,12.0,Ахматової,3 лютого
75000.0,3,1005.0,4,26,None,None,None,None,Радченка,*** not found
84000.0,2,1273.0,6,26,None,66.0,None,18.0,Дніпровська,*** not found
175000.0,1,1725.8,7,25,2012,None,None,None,Ділова,21 січня
63000.0,3,900.0,7,10,1987,70.0,44.0,None,Бориспільська,16 січня
390000.0,3,3000.0,11,28,2013,130.0,48.0,66.0,Болсуновська,12 березня 2018 р.
335000.0,3,3160.0,24,28,2017,106.0,55.0,24.0,Українки,20 лютого
320000.0,3,3137.0,15,24,2016,102.0,70.0,20.0,Антонова,19 червня 2020 р.
118000.0,2,1311.0,15,25,1959,90.0,41.0,13.0,Науки,18 травня 2020 р.
159990.0,4,1437.0,6,10,2016,None,None,30.0,Метрологічна,30 листопада 2020 р.
85000.0,3,1417.0,2,5,1961,60.0,44.0,6.0,Дружби Народів,23 вересня 2020 р.
155022.2,1,2541.3,None,None,None,61.0,None,None,*** not found,*** not found
590000.0,3,5900.0,None,None,None,100.0,None,None,Драгомирова,23 квітня 2020 р.
84000.0,2,1333.0,2,16,2016,63.0,32.0,15.0,Данченка,21 травня 2020 р.
35000.0,2,778.0,1,2,None,45.0,None,None,Кримська,*** not found
63000.0,2,969.0,4,25,None,65.0,31.0,13.0,Новопольова,*** not found
40000.0,2,870.0,3,5,1963,46.0,30.0,8.0,Туполєва,8 лютого
42654.8,1,1375.9,None,None,None,31.0,None,None,*** not found,*** not found
60000.0,1,1463.0,2,26,None,41.0,None,None,Дніпровська,*** not found
130000.0,2,1625.0,6,25,2010,80.0,None,14.0,Перемоги,17 лютого
346500.0,2,4500.0,7,24,2019,77.0,38.0,20.0,Івана Федорова,7 липня 2020 р.
46998.0,2,1000.0,5,5,1968,47.0,35.0,8.0,Братиславська,27 листопада 2020 р.
10092.1,1,672.8,None,None,None,15.0,None,None,*** not found,*** not found
29256.6,1,978.5,1,5,None,None,None,None,Червоноткацька,*** not found
166000.0,1,3532.0,2,9,None,47.0,22.0,16.0,Златоустівська,*** not found
115000.0,4,1369.0,5,9,1970,84.0,35.0,9.0,Бойченка,15 лютого 2014 р.
298000.0,3,2249.0,11,23,2016,None,None,None,Трускавецька,12 січня
43100.0,1,1390.0,8,26,2018,31.0,16.0,5.0,Каховська,24 листопада 2020 р.
179900.0,4,1475.0,19,27,2010,122.0,None,None,Лобановського,23 жовтня 2019 р.
96255.3,1,1504.0,None,None,None,64.0,None,None,*** not found,*** not found
56500.0,3,926.0,6,9,1970,61.0,40.0,7.0,Курчатова,12 листопада 2020 р.
110000.0,1,1930.0,19,25,2008,57.0,None,None,Голосіївська,29 жовтня 2020 р.
47000.0,1,1146.0,5,16,1990,41.0,10.0,16.0,Тираспольська,28 січня
90000.0,2,2195.0,1,9,None,41.0,28.0,6.0,Лаврська,17 лютого
44980.0,1,1249.0,19,25,2017,36.0,16.0,14.0,Правди,26 січня
58000.0,4,921.0,5,9,1968,63.0,40.0,7.0,Миколайчука,19 лютого
63000.0,3,863.0,5,9,1982,73.0,41.0,9.0,Порика,22 лютого
29256.6,1,978.5,1,5,None,None,None,None,Червоноткацька,*** not found
136000.0,1,3022.0,6,23,2015,45.0,15.0,17.0,Маккейна,8 листопада 2020 р.
73860.0,2,1319.0,5,9,None,56.0,30.0,9.0,Йорданська,11 листопада 2020 р.
160000.0,2,2712.0,18,24,2019,59.0,None,20.0,Тютюнника,17 серпня 2020 р.
135000.0,3,1588.0,8,10,2015,85.0,49.0,12.0,Регенераторна,2 лютого
120000.0,1,2400.0,12,23,2015,50.0,18.0,15.0,Зарічна,21 жовтня 2020 р.
58990.0,1,1450.0,3,34,None,None,16.0,10.0,Заболотного,*** not found
90000.0,4,1059.0,4,10,1994,85.0,None,None,Курнатовського,20 лютого
187000.0,3,None,2,5,1934,None,None,None,Інститутська,3 листопада 2016 р.
88000.0,2,1222.0,16,25,2020,72.0,None,15.0,Маланюка,*** not found
102000.0,2,1619.0,10,16,2019,63.0,26.0,22.0,Гречка,*** not found
110000.0,1,1833.0,14,24,2018,60.0,21.0,15.0,Липківського,2 вересня 2020 р.
160000.0,2,3077.0,3,24,2015,52.0,13.0,18.0,Маккейна,11 серпня 2016 р.
225000.0,5,1500.0,23,24,2008,150.0,78.0,18.0,Григоренка,13 листопада 2020 р.
75000.0,2,1562.0,4,9,1966,48.0,30.0,7.0,Коновальця,29 січня
59860.0,3,798.0,3,9,None,75.0,40.0,9.0,Закревського,24 лютого
43161.0,2,732.0,13,18,None,59.0,30.0,16.0,*** not found,вчора о 11:40
140000.0,2,1842.0,13,18,1991,76.0,39.0,None,Старонаводницька,10 лютого 2014 р.
78000.0,1,1418.0,7,26,None,55.0,15.0,18.0,Маланюка,*** not found
230000.0,2,2771.0,6,7,1915,83.0,45.0,11.0,Заньковецької,20 липня 2020 р.
178000.0,2,2373.0,2,16,None,75.0,None,21.0,Кудрявська,*** not found
63000.0,3,900.0,23,23,None,70.0,35.0,14.0,,*** not found
495000.0,3,4420.0,11,32,2017,112.0,45.0,54.0,Українки,23 січня 2020 р.
45900.0,2,478.0,31,34,None,96.0,62.0,16.0,,*** not found
33000.0,1,1000.0,14,24,None,33.0,16.0,5.0,Милославська,*** not found
66500.0,3,1147.0,3,5,1961,58.0,42.0,7.0,Донця,15 вересня 2020 р.
119900.0,3,1462.0,8,12,2002,82.0,48.0,14.0,Верховинця,2 вересня 2020 р.
145000.0,4,1381.0,1,9,1977,105.0,80.0,12.0,Героїв Дніпра,30 червня 2020 р.
118000.0,3,1494.0,17,25,2018,79.0,36.0,35.0,Каховська,26 серпня 2020 р.
41000.0,1,1323.0,21,26,2018,31.0,12.0,8.0,Каховська,5 лютого
59899.0,2,1070.0,8,10,1995,56.0,34.0,8.0,Вишняківська,15 травня 2020 р.
177000.0,2,2565.0,3,4,None,69.0,41.0,8.0,Липська,*** not found
63000.0,1,1286.0,11,25,2019,49.0,16.0,16.0,Сверстюка,4 березня 2020 р.
499000.0,3,4229.0,None,None,None,118.0,None,None,Драгомирова,21 вересня 2020 р.
49500.0,1,1269.0,19,26,None,39.0,17.0,11.0,Причальна,*** not found
275000.0,2,4435.0,22,28,2013,62.0,30.0,20.0,Болсуновська,8 жовтня 2020 р.
93000.0,3,1336.0,13,14,1994,None,48.0,None,Повітрофлотський,12 жовтня 2020 р.
87500.0,2,1306.0,20,25,2015,67.0,37.0,14.0,Драгоманова,15 грудня 2020 р.
110000.0,3,1325.0,4,24,2008,83.0,None,30.0,Григоренка,23 жовтня 2020 р.
900000.0,4,3600.0,23,24,2012,250.0,None,None,Дніпровська,10 вересня 2019 р.
86000.0,1,2205.0,3,8,2014,39.0,None,None,Жабаєва,1 липня 2020 р.
335000.0,3,2577.0,9,14,2014,130.0,60.0,60.0,Філатова,25 червня 2020 р.
67000.0,2,971.0,3,26,2021,69.0,25.0,21.0,Правди,*** not found
90000.0,2,1800.0,4,4,1896,50.0,None,6.0,Малопідвальна,19 липня 2018 р.
101500.0,1,2307.0,8,11,None,44.0,22.0,13.0,Бойчука,*** not found
104000.0,3,1169.0,18,26,None,89.0,None,40.0,Зарічна,*** not found
190000.0,2,3167.0,9,21,2017,60.0,None,25.0,Предславинська,15 лютого
3600000.0,6,8000.0,25,25,2011,450.0,288.0,45.0,Івана Мазепи,28 лютого
63000.0,2,1033.0,10,26,None,61.0,28.0,12.0,Радченка,*** not found
680000.0,7,2369.0,21,21,2010,287.0,177.0,None,Лабораторний,6 вересня 2018 р.
139000.0,2,1829.0,20,21,2018,76.0,31.0,19.0,Конєва,12 серпня 2020 р.
347700.0,4,1900.0,4,25,2011,183.0,100.0,17.0,Шаповала,24 липня 2020 р.
85000.0,2,1328.0,4,24,None,64.0,30.0,20.0,Дніпровська,*** not found
35600.0,1,989.0,10,26,None,36.0,15.0,12.0,Клеманська,*** not found
85000.0,3,1133.0,9,15,1999,75.0,42.0,8.0,Григоренка,8 лютого
46000.0,1,1022.0,4,5,1963,45.0,None,10.0,Туполєва,7 грудня 2020 р.
125000.0,2,2358.0,3,4,1860,53.0,42.0,5.0,Хмельницького,3 вересня 2015 р.
530000.0,3,3926.0,4,15,2017,135.0,50.0,40.0,Саперне Поле,25 червня 2020 р.
229000.0,3,2140.0,7,25,2007,107.0,50.0,None,Героїв Сталінграда,2 березня 2016 р.
117000.0,3,1401.0,14,26,None,None,None,None,Дніпровська,*** not found
110000.0,2,2000.0,3,9,1971,55.0,None,None,Тарасівська,13 жовтня 2020 р.
92900.0,3,1021.0,4,5,1956,91.0,56.0,11.0,Краківська,23 липня 2020 р.
77500.0,1,1845.0,5,9,2018,42.0,17.0,15.0,Юнацька,21 січня 2020 р.
40500.0,1,1067.0,4,26,None,None,None,None,Клеманська,*** not found
136000.0,3,1462.0,2,16,1998,93.0,50.0,28.0,Героїв Сталінграда,12 січня
499000.0,3,4229.0,None,None,None,118.0,None,None,Драгомирова,21 вересня 2020 р.
220000.0,2,2619.0,3,8,1948,84.0,52.0,13.0,*** not found,31 серпня 2020 р.
125000.0,3,1147.0,23,26,2011,109.0,83.0,16.0,Драгоманова,6 жовтня 2020 р.
100000.0,2,1818.0,None,None,1958,55.0,None,None,Українки,2 листопада 2020 р.
80000.0,1,2581.0,22,25,2018,31.0,14.0,14.0,Тимошенка,25 лютого
57000.0,3,851.0,5,9,1985,67.0,None,None,Маяковського,30 грудня 2020 р.
170000.0,2,1932.0,3,9,2005,88.0,44.0,22.0,Дмитрівська,10 червня 2020 р.
59750.0,2,996.0,14,15,1980,60.0,53.0,10.0,Курбаса,30 жовтня 2020 р.
42678.6,1,1094.3,16,16,None,39.0,12.0,14.0,Комарова,*** not found
92000.0,2,1227.0,2,25,2015,75.0,38.0,15.0,Драгоманова,20 червня 2020 р.
115000.0,2,1597.0,4,32,2019,72.0,None,14.0,Драгомирова,6 лютого
54000.0,1,1227.0,18,25,2019,44.0,None,None,Моторний,16 січня
45500.0,1,929.0,2,9,1995,49.0,14.0,24.0,Милославська,7 лютого
91500.0,1,2288.0,11,11,2020,40.0,20.0,12.0,Бойчука,*** not found
60500.0,3,818.0,4,9,1990,74.0,None,None,Закревського,2 червня 2020 р.
250000.0,1,4630.0,7,25,2019,54.0,15.0,20.0,Івана Федорова,20 червня 2020 р.
78000.0,2,1773.0,3,9,1966,44.0,None,None,Філатова,17 березня 2020 р.
130000.0,2,1625.0,6,25,2010,80.0,None,14.0,Перемоги,17 лютого
84999.0,4,885.0,7,16,1986,96.0,None,13.0,Миропільська,11 лютого 2014 р.
83000.0,3,856.0,1,22,2007,97.0,65.0,14.0,Григоренка,13 серпня 2020 р.
129999.0,2,2063.0,6,9,2018,63.0,30.0,15.0,Юнацька,22 лютого
70000.0,3,729.0,4,4,1946,96.0,None,None,Вишгородська,3 липня 2020 р.
36000.0,1,1200.0,5,9,None,30.0,13.0,10.0,Жолудєва,*** not found
210000.0,3,1409.0,7,12,2001,149.0,87.0,16.0,Павлівська,8 вересня 2020 р.
85900.0,3,1263.0,6,8,1964,68.0,47.0,6.0,Голосіївський,1 вересня 2020 р.
108000.0,1,2160.0,2,25,2019,50.0,30.0,10.0,Осокорська,14 січня
120000.0,3,1395.0,10,24,None,86.0,40.0,17.0,Вишгородська,*** not found
221000.0,2,3400.0,8,10,None,65.0,None,None,Драгомирова,*** not found
60000.0,1,1818.0,5,5,1962,33.0,None,16.0,Тютюнника,16 листопада 2020 р.
165000.0,2,2845.0,6,24,2015,58.0,25.0,22.0,Маккейна,13 серпня 2020 р.
200000.0,5,1481.0,4,4,1917,135.0,None,None,Івана Мазепи,21 березня 2020 р.
145000.0,2,1933.0,5,24,2007,75.0,44.0,14.0,Героїв Сталінграда,17 березня 2020 р.
199000.0,3,2488.0,2,25,2018,80.0,33.0,22.0,Липківського,18 грудня 2020 р.
186117.4,1,3579.2,None,None,None,52.0,None,None,*** not found,*** not found
199000.0,2,2073.0,10,25,2005,96.0,43.0,16.0,Коновальця,2 вересня 2020 р.
50700.0,1,1300.0,6,14,2019,39.0,25.0,8.0,Максимовича,26 січня
185000.0,2,2256.0,5,21,2015,82.0,61.0,12.0,Зарічна,6 жовтня 2020 р.
152000.0,2,1667.0,24,25,2008,None,41.0,None,Голосіївська,22 серпня 2020 р.
92000.0,3,965.0,1,25,None,None,48.0,16.0,Ясинуватський,*** not found
49387.4,1,881.9,None,None,None,56.0,None,None,*** not found,*** not found
56500.0,1,1749.0,5,7,2019,None,21.0,5.0,Колоса,*** not found
80000.0,1,2105.0,11,21,2017,38.0,12.0,15.0,Правди,8 липня 2020 р.
480000.0,4,2609.0,5,6,1915,184.0,108.0,34.0,Велика Васильківська,14 лютого 2014 р.
59000.0,2,1157.0,2,12,1981,51.0,None,None,Голосіївський,25 січня
149632.1,1,3183.6,None,None,None,47.0,None,None,*** not found,*** not found
147075.0,2,2228.0,9,11,None,66.0,None,None,Бойчука,*** not found
86860.0,2,905.0,10,10,2017,96.0,44.0,23.0,Центральна,20 листопада 2020 р.
97000.0,2,1260.0,16,22,2018,77.0,None,None,Ясинуватський,30 червня 2020 р.
55000.0,2,1222.0,13,16,1980,45.0,None,11.0,Райдужна,сьогодні о 08:45
138000.0,2,1811.0,3,15,2014,None,None,None,Ломоносова,11 січня
105000.0,2,1504.0,4,25,2014,None,None,None,,8 квітня 2019 р.
66016.1,1,1784.2,None,None,None,37.0,None,None,*** not found,*** not found
284000.0,2,2812.0,7,11,2004,101.0,None,None,Гусовського,25 вересня 2018 р.
155000.0,3,1550.0,13,23,2006,100.0,None,None,Окіпної,24 листопада 2020 р.
49899.0,1,1386.0,1,9,1978,36.0,18.0,7.0,Багговутівська,10 січня
95000.0,2,1696.0,9,9,1966,56.0,34.0,8.0,Дружби Народів,19 листопада 2020 р.
380000.0,3,3585.0,9,21,2019,106.0,None,None,Маккейна,7 липня 2020 р.
46000.0,2,913.0,1,4,None,None,30.0,12.0,Маланюка,*** not found
60150.0,1,1504.0,21,26,None,40.0,14.0,20.0,Михайла Котельникова,*** not found
185000.0,3,1745.0,8,25,2016,106.0,None,38.0,Героїв Севастополя,6 листопада 2020 р.
81000.0,2,964.0,18,26,2020,84.0,37.0,17.0,Маланюка,*** not found
620000.0,3,4769.0,4,15,2017,130.0,66.0,16.0,Саперне Поле,24 січня 2020 р.
48700.0,1,991.0,19,25,None,None,None,None,Балтійський,*** not found
234000.0,3,2000.0,7,15,None,117.0,76.0,12.0,Кудрявська,*** not found
135000.0,2,2523.0,28,34,2018,None,None,None,Перемоги,19 листопада 2020 р.
130000.0,2,2600.0,1,5,1964,50.0,None,12.0,Німанська,11 лютого 2020 р.
54100.0,1,1339.0,4,26,2018,None,None,None,Каховська,15 грудня 2020 р.
239000.0,3,3025.0,3,7,1954,79.0,44.0,13.0,Малопідвальна,23 серпня 2019 р.
140000.0,2,2188.0,10,14,None,64.0,34.0,15.0,Невська,*** not found
128000.0,2,2612.0,5,14,2015,49.0,14.0,17.0,Златоустівська,13 липня 2020 р.
31000.0,1,1107.0,9,9,1986,28.0,13.0,6.0,,25 грудня 2020 р.
41187.0,1,936.0,3,13,None,44.0,19.0,11.0,Берковецька,*** not found
120000.0,3,1188.0,11,16,1998,101.0,None,14.0,Бажана,19 серпня 2020 р.
740000.0,1,2772.0,20,24,2019,267.0,150.0,75.0,Антоновича,25 листопада 2020 р.
180000.0,3,2400.0,3,8,1990,75.0,41.0,9.0,*** not found,9 лютого
63000.0,3,900.0,1,9,1973,70.0,41.0,8.0,Гречка,26 серпня 2020 р.
126000.0,2,1658.0,15,32,2020,76.0,41.0,14.0,Микільсько-Слобідська,26 червня 2020 р.
80000.0,2,1067.0,6,26,None,75.0,27.0,21.0,Правди,*** not found
98000.0,1,1750.0,None,None,2018,56.0,22.0,19.0,Тимошенка,11 лютого
150000.0,2,1807.0,16,23,2003,83.0,None,None,Павла Тичини,27 січня
100000.0,3,1000.0,8,17,2003,100.0,64.0,14.0,Олевська,25 вересня 2020 р.
120000.0,3,1237.0,2,21,2016,97.0,52.0,20.0,Освіти,17 листопада 2020 р.
41000.0,1,1464.0,9,9,1969,28.0,17.0,5.0,Іллєнка,29 січня
135000.0,1,1552.0,15,22,2012,87.0,15.0,40.0,Дніпровська,16 липня 2020 р.
155000.0,3,1742.0,4,4,1917,89.0,None,13.0,Івана Мазепи,20 січня
90000.0,3,1286.0,5,16,1974,70.0,46.0,7.0,Українки,20 січня
132000.0,2,1347.0,1,6,2016,98.0,32.0,18.0,Данченка,12 червня 2020 р.
230000.0,None,4600.0,None,None,None,50.0,None,None,Драгомирова,7 червня 2019 р.
185000.0,3,2011.0,18,25,2017,92.0,None,None,Тбіліський,21 березня 2020 р.
70500.0,2,1203.0,20,26,2020,None,28.0,None,Каховська,28 січня
87000.0,3,915.0,9,19,2019,None,52.0,None,Ушинського,15 серпня 2020 р.
185000.0,3,1637.0,8,24,2007,113.0,None,None,Урлівська,6 жовтня 2020 р.
49860.0,2,997.0,2,9,1974,50.0,30.0,6.0,Світлицького,14 липня 2020 р.
100000.0,2,1408.0,15,23,2007,71.0,30.0,12.0,Дніпровська,16 червня 2020 р.
90000.0,1,1800.0,3,25,None,50.0,25.0,None,Липківського,*** not found
152000.0,2,1949.0,14,30,2020,78.0,37.0,12.0,Микільсько-Слобідська,17 вересня 2020 р.
159900.0,3,1259.0,15,25,2007,127.0,77.0,None,Лобановського,25 лютого
280000.0,3,2137.0,8,9,2005,131.0,75.0,25.0,Героїв Сталінграда,21 березня 2020 р.
85000.0,1,1545.0,6,25,2007,55.0,24.0,13.0,Дніпровська,9 січня
67000.0,2,1098.0,13,15,1994,61.0,31.0,9.0,Драгоманова,15 грудня 2020 р.
59000.0,1,1224.0,16,25,2010,None,None,None,Ахматової,22 вересня 2020 р.
420000.0,2,4667.0,5,18,2017,90.0,None,None,Саперне Поле,1 травня 2020 р.
65000.0,2,1048.0,15,17,2018,62.0,34.0,12.0,Данченка,10 липня 2020 р.
63000.0,3,1125.0,5,5,1965,56.0,42.0,6.0,Голосіївський,1 липня 2020 р.
95000.0,1,2568.0,5,11,1967,37.0,22.0,7.0,*** not found,25 січня
100000.0,2,1562.0,8,20,None,64.0,31.0,18.0,Глибочицька,*** not found
165000.0,4,1213.0,11,12,2019,136.0,100.0,30.0,Багговутівська,11 серпня 2020 р.
150000.0,3,2239.0,3,5,1917,67.0,42.0,None,Саксаганського,13 лютого
64000.0,2,914.0,7,25,None,70.0,36.0,10.0,Моторний,*** not found
73860.0,2,1319.0,5,9,None,56.0,30.0,9.0,Йорданська,11 листопада 2020 р.
295000.0,2,4275.0,5,15,2019,69.0,49.0,20.0,Саперне Поле,17 листопада 2020 р.
55000.0,1,965.0,10,25,2018,57.0,20.0,16.0,Вернадського,сьогодні о 18:16
79900.0,3,1051.0,7,10,1997,76.0,40.0,12.0,Курбаса,18 грудня 2020 р.
100000.0,1,2273.0,3,11,2019,44.0,None,10.0,Багговутівська,29 вересня 2020 р.
122000.0,2,1679.0,4,9,None,None,None,None,Набережно-Рибальська,*** not found
145000.0,2,1933.0,4,4,1899,75.0,42.0,10.0,Саксаганського,11 серпня 2020 р.
133000.0,3,1385.0,20,25,2015,96.0,50.0,16.0,Малиновського,9 вересня 2020 р.
143000.0,3,1486.0,4,9,2011,None,40.0,30.0,Протасів Яр,6 грудня 2019 р.
62000.0,2,1378.0,2,5,1968,45.0,30.0,7.0,Німанська,20 січня
95000.0,3,1397.0,3,9,None,68.0,40.0,8.0,Підвисоцького,*** not found
38000.0,1,1152.0,4,9,1970,33.0,17.0,8.0,Зодчих,28 жовтня 2020 р.
52500.0,2,1050.0,9,9,1973,50.0,30.0,None,Рокосовського,1 лютого
229000.0,2,3181.0,5,6,1935,72.0,42.0,10.0,Шовковична,10 червня 2020 р.
62000.0,1,1550.0,7,26,2017,40.0,17.0,11.0,Крушельницької,1 лютого
70000.0,2,1006.0,23,25,None,None,None,None,Новопольова,*** not found
45000.0,1,1125.0,11,26,None,40.0,17.0,10.0,Визволителів,*** not found
70000.0,3,875.0,5,6,None,80.0,54.0,8.0,Сонячна,*** not found
158000.0,2,2135.0,24,25,2014,74.0,38.0,15.0,Сікорського,5 січня
58900.0,2,950.0,14,25,None,62.0,None,12.0,Радченка,*** not found
104700.0,1,2380.0,14,19,2020,44.0,18.0,11.0,Бульварно-Кудрявська,*** not found
37000.0,1,925.0,11,25,None,40.0,None,10.0,Кайсарова,*** not found
85000.0,2,1328.0,4,24,None,64.0,30.0,20.0,Дніпровська,*** not found
46000.0,3,767.0,1,5,1965,60.0,40.0,8.0,Перова,28 жовтня 2020 р.
150000.0,3,1500.0,4,25,2016,100.0,53.0,15.0,Глушкова,сьогодні о 06:52
52500.0,2,1050.0,9,9,1973,50.0,30.0,None,Рокосовського,1 лютого
120000.0,2,1379.0,20,25,2013,87.0,40.0,20.0,Саперно-Слобідська,26 серпня 2020 р.
38000.0,1,1118.0,4,9,1979,34.0,18.0,7.0,Миколи Кибальчича,3 грудня 2020 р.
45000.0,3,750.0,9,9,1980,60.0,40.0,7.0,Миколи Ушакова,28 жовтня 2020 р.
250000.0,3,1538.0,10,22,2001,None,50.0,20.0,Антоновича,13 липня 2020 р.
185000.0,3,1745.0,18,25,2014,106.0,None,None,Богданівська,28 грудня 2020 р.
68000.0,2,1030.0,10,26,2020,66.0,27.0,24.0,,*** not found
57000.0,1,1295.0,9,25,2019,44.0,None,16.0,Сверстюка,28 жовтня 2019 р.
52500.0,2,721.0,7,25,2021,None,30.0,18.0,Ревуцького,*** not found
250000.0,4,1923.0,7,22,2010,130.0,50.0,50.0,Ованеса Туманяна,13 листопада 2020 р.
540000.0,4,4000.0,4,14,2019,135.0,None,None,Саперне Поле,7 липня 2020 р.
120000.0,3,945.0,12,16,1997,127.0,None,14.0,Григоренка,11 березня 2020 р.
55999.0,1,1400.0,13,14,2020,40.0,22.0,6.0,Гречка,*** not found
68800.0,3,1110.0,2,12,1977,62.0,40.0,8.0,Богатирська,27 лютого
120000.0,2,2400.0,19,22,2009,50.0,None,None,Білоруська,11 лютого 2014 р.
94000.0,1,2043.0,1,9,None,46.0,None,None,Регенераторна,*** not found
65500.0,1,1770.0,20,27,2019,37.0,14.0,9.0,Вишняківська,22 грудня 2020 р.
50000.0,2,1087.0,16,16,1982,46.0,26.0,8.0,Гонгадзе,3 липня 2019 р.
52500.0,1,1117.0,15,25,2019,47.0,15.0,18.0,Правди,2 листопада 2020 р.
64980.0,4,812.0,4,9,1969,80.0,56.0,7.0,Кольцова,4 вересня 2019 р.
115000.0,2,1643.0,13,17,2014,70.0,32.0,12.0,Воскресенська,9 грудня 2020 р.
200000.0,2,2564.0,14,20,2005,78.0,38.0,19.0,Руставелі,18 березня 2015 р.
484000.0,2,3569.0,2,24,2010,None,None,None,Голосіївський,2 березня 2016 р.
79000.0,1,1775.0,5,18,2015,None,None,15.0,Комбінатна,20 лютого
45000.0,2,1000.0,5,5,1960,45.0,31.0,6.0,Салютна,16 січня
78000.0,1,1418.0,7,26,None,55.0,15.0,18.0,Маланюка,*** not found
91999.0,3,1000.0,1,5,1958,92.0,48.0,27.0,Ромоданова,13 лютого 2020 р.
128000.0,1,2510.0,2,9,2015,51.0,15.0,25.0,Саперне Поле,13 листопада 2020 р.
38700.0,1,900.0,18,25,None,43.0,15.0,16.0,Сім’ї Кульженків,*** not found
95000.0,2,1557.0,3,5,1960,61.0,None,None,Лабораторна,8 лютого
77000.0,1,1426.0,16,24,2015,54.0,22.0,11.0,Драгоманова,11 лютого
52990.0,1,1162.0,7,22,None,None,19.0,20.0,,*** not found
330000.0,3,2357.0,2,9,2000,140.0,None,None,Кудрявська,28 лютого 2020 р.
83000.0,2,1107.0,10,26,2019,75.0,30.0,27.0,Краківська,25 січня
105000.0,2,1721.0,12,12,2008,61.0,27.0,26.0,Кольцова,29 листопада 2020 р.
225000.0,2,4500.0,8,23,2019,50.0,None,None,Антоновича,6 грудня 2019 р.
62000.0,2,954.0,3,19,2001,65.0,None,None,Лариси Руденко,10 лютого
90000.0,4,811.0,1,14,2008,111.0,72.0,12.0,Івана Пулюя,17 липня 2020 р.
215000.0,3,2389.0,2,5,1959,90.0,40.0,10.0,Українки,14 червня 2018 р.
137000.0,3,1575.0,1,9,1970,87.0,59.0,13.0,Тютюнника,5 вересня 2020 р.
36000.0,1,1000.0,9,9,1980,36.0,19.0,7.0,Юрія Смолича,27 грудня 2020 р.
195000.0,4,1931.0,6,24,2014,101.0,70.0,15.0,Оболонський,21 вересня 2019 р.
60000.0,3,882.0,7,16,1975,68.0,44.0,8.0,Курбаса,7 жовтня 2020 р.
87000.0,2,1338.0,16,17,2002,65.0,None,13.0,Верховинця,15 січня
185000.0,2,2256.0,5,21,2015,82.0,61.0,12.0,Зарічна,6 жовтня 2020 р.
210000.0,2,2442.0,9,23,2012,86.0,42.0,21.0,Дніпровська,19 вересня 2017 р.
135000.0,2,1776.0,11,25,2011,76.0,45.0,12.0,Коломийський,11 січня
84000.0,3,944.0,8,26,None,89.0,43.0,18.0,Правди,*** not found
160000.0,3,2000.0,21,25,2018,80.0,None,None,Каховська,28 грудня 2020 р.
292000.0,3,2454.0,10,11,None,119.0,None,17.0,Бойчука,*** not found
53000.0,1,1104.0,8,25,None,48.0,14.0,19.0,Правди,*** not found
115000.0,1,2738.0,6,24,2019,42.0,None,None,Маккейна,8 лютого
90900.0,1,1748.0,14,36,None,52.0,None,14.0,Перемоги,*** not found
2100000.0,3,7292.0,7,11,2007,288.0,150.0,35.0,Грушевського,28 січня 2019 р.
980000.0,6,2761.0,7,7,2010,355.0,320.0,33.0,Срібнокільська,7 листопада 2019 р.
91260.0,1,1738.0,29,36,None,None,17.0,None,Перемоги,*** not found
118000.0,2,1573.0,16,22,2010,75.0,32.0,12.0,Урлівська,14 квітня 2020 р.
84100.0,2,1294.0,22,32,None,65.0,34.0,14.0,Заболотного,*** not found
79700.0,1,2952.0,23,23,2012,27.0,15.0,5.0,Максимовича,19 жовтня 2020 р.
220000.0,4,1746.0,16,23,2004,126.0,80.0,None,Бажана,27 травня 2020 р.
155000.0,2,2214.0,9,10,2014,70.0,None,None,Сікорського,2 листопада 2020 р.
40000.0,1,1176.0,10,16,1973,34.0,None,8.0,Курбаса,25 серпня 2020 р.
68500.0,1,1593.0,11,27,None,43.0,14.0,16.0,Дніпровська,*** not found
720000.0,4,4500.0,None,None,None,160.0,None,None,Драгомирова,7 червня 2019 р.
64000.0,2,1231.0,3,12,1983,52.0,30.0,9.0,,13 листопада 2020 р.
44000.0,2,1023.0,5,5,1960,43.0,27.0,6.0,Антонова,14 вересня 2020 р.
63000.0,3,1086.0,7,9,None,58.0,40.0,7.0,Бучми,*** not found
64500.0,3,935.0,7,9,1970,69.0,45.0,10.0,Кубанської України,4 грудня 2020 р.
100000.0,2,1408.0,15,23,2007,71.0,30.0,12.0,Дніпровська,16 червня 2020 р.
249999.0,3,2500.0,17,25,2017,100.0,None,None,Панельна,12 січня
270000.0,4,1525.0,17,25,2005,177.0,112.0,18.0,Коновальця,13 червня 2018 р.
52000.0,1,1238.0,4,4,None,42.0,17.0,14.0,Богатирська,*** not found
50000.0,1,1562.0,9,9,1977,32.0,17.0,7.0,Оболонський,21 березня 2020 р.
465000.0,4,3019.0,18,25,2005,154.0,None,None,Українки,12 лютого
125000.0,3,1623.0,3,24,2015,77.0,42.0,None,Бориса Гмирі,8 липня 2020 р.
84000.0,2,1000.0,19,25,None,84.0,37.0,23.0,Правди,*** not found
69000.0,1,1643.0,8,10,2018,42.0,12.0,20.0,Центральна,*** not found
70000.0,2,1446.0,6,9,1968,None,30.0,8.0,Преображенська,23 вересня 2020 р.
260000.0,4,1781.0,24,24,2018,146.0,None,None,Коновальця,27 лютого
124860.0,2,2230.0,5,5,1959,56.0,30.0,9.0,Українки,6 грудня 2019 р.
135000.0,4,1688.0,5,5,1959,80.0,55.0,15.0,*** not found,2 серпня 2019 р.
170000.0,3,2068.0,4,5,1910,None,None,None,Велика Васильківська,25 січня
84000.0,1,1680.0,12,26,2018,50.0,16.0,16.0,Липківського,14 травня 2020 р.
612500.0,5,2300.0,10,11,None,None,None,38.0,Бойчука,*** not found
46500.0,2,1257.0,5,5,1962,37.0,22.0,7.0,Васильківська,12 листопада 2020 р.
129000.0,3,1162.0,21,25,2007,111.0,58.0,14.0,Данькевича,вчора о 10:50
89332.9,3,1146.5,1,4,None,None,None,None,Богатирська,*** not found
99000.0,3,1375.0,9,10,1977,72.0,None,None,Українки,14 квітня 2020 р.
117000.0,3,1603.0,9,16,None,73.0,29.0,11.0,Гречка,*** not found
1035900.0,5,4504.0,4,8,2016,230.0,75.0,78.0,Редутна,30 вересня 2020 р.
132000.0,3,1650.0,22,24,2015,80.0,None,None,Бориса Гмирі,15 жовтня 2020 р.
340000.0,3,2833.0,2,18,2010,120.0,None,20.0,Драгомирова,16 лютого
31000.0,1,1192.0,2,5,1965,26.0,None,6.0,Туполєва,11 лютого
55000.0,3,859.0,1,9,1971,64.0,41.0,None,Кондратюка,27 січня
43000.0,2,915.0,1,9,1971,47.0,30.0,7.0,Мінський,1 лютого
235000.0,4,1728.0,8,24,2007,136.0,81.0,17.0,Княжий Затон,1 вересня 2017 р.
105900.0,1,1925.0,22,26,2016,55.0,None,None,Герцена,4 грудня 2020 р.
49700.0,1,1012.0,19,25,2020,None,18.0,18.0,Балтійський,28 лютого 2020 р.
110000.0,3,1000.0,10,17,2010,110.0,61.0,16.0,Ернста,23 квітня 2020 р.
275000.0,2,3929.0,6,25,2010,70.0,None,25.0,Шаповала,18 лютого
220000.0,2,3607.0,2,5,None,61.0,30.0,10.0,Городецького,7 грудня 2020 р.
30000.0,1,602.0,22,25,None,None,None,None,Сім'ї Сосніних,*** not found
140000.0,1,2729.0,10,12,None,None,None,None,Івана Мазепи,8 серпня 2020 р.
132500.0,2,1636.0,15,22,2012,81.0,37.0,16.0,Червоноткацька,2 квітня 2020 р.
50000.0,1,1667.0,5,5,1962,30.0,16.0,5.0,*** not found,25 січня
225000.0,3,2022.0,11,25,2008,None,None,None,Голосіївська,1 вересня 2020 р.
165000.0,2,2324.0,2,4,1895,71.0,47.0,8.0,*** not found,19 лютого 2020 р.
65000.0,2,970.0,24,25,2019,67.0,34.0,11.0,Миколи Гулака,вчора о 17:55
230000.0,2,4107.0,3,25,2019,56.0,None,None,Івана Федорова,19 лютого 2020 р.
205000.0,1,3796.0,13,14,2017,54.0,18.0,25.0,Саперне Поле,7 липня 2020 р.
33071.4,1,718.9,24,25,None,46.0,25.0,12.0,Миколи Хвильового,*** not found
777500.0,3,4494.0,3,13,2003,173.0,111.0,19.0,Паторжинського,29 листопада 2019 р.
128500.0,3,988.0,23,24,2014,130.0,90.0,15.0,Наумовича,20 жовтня 2020 р.
80000.0,2,1404.0,25,25,2010,57.0,24.0,19.0,Калнишевського,сьогодні о 18:00
100500.0,2,1378.0,16,26,None,None,None,None,Дніпровська,*** not found
149000.0,1,3170.0,3,9,None,47.0,None,None,Електриків,*** not found
95000.0,1,2317.0,14,25,2018,41.0,None,None,Солом'янська,24 лютого
159000.0,2,2446.0,4,4,1898,65.0,15.0,30.0,Шевченка,21 березня 2020 р.
68000.0,2,1259.0,14,16,1982,54.0,None,None,Озерна,26 вересня 2019 р.
89400.0,3,1090.0,9,15,1998,82.0,42.0,14.0,Григоренка,20 жовтня 2020 р.
330000.0,3,2674.0,4,24,2016,None,56.0,None,Антонова,21 квітня 2020 р.
229000.0,3,1684.0,2,24,2013,136.0,72.0,20.0,Голосіївський,12 листопада 2020 р.
67000.0,1,1426.0,16,16,2016,47.0,None,None,Комарова,12 грудня 2020 р.
66500.0,2,1279.0,9,10,1989,52.0,29.0,8.0,Борщагівська,28 жовтня 2020 р.
480000.0,4,3200.0,20,23,2009,150.0,84.0,16.0,Шевченка,22 липня 2020 р.
74000.0,1,1762.0,3,16,None,42.0,None,None,Максимовича,*** not found
175000.0,3,1842.0,10,25,2011,95.0,52.0,11.0,Ковальський,5 лютого 2016 р.
159000.0,2,2092.0,20,24,2016,76.0,37.0,None,Малевича,11 серпня 2020 р.
3200000.0,5,9143.0,5,5,None,350.0,None,None,Мічуріна,*** not found
380000.0,3,1990.0,15,47,2012,191.0,None,None,*** not found,7 травня 2020 р.
63000.0,2,808.0,22,25,None,78.0,36.0,12.0,Балтійський,*** not found
85000.0,3,1104.0,6,20,1998,77.0,45.0,9.0,Азербайджанська,30 листопада 2020 р.
130032.0,None,1548.0,15,25,2016,84.0,50.0,17.0,Зарічна,27 лютого
95700.0,3,1113.0,25,25,2016,86.0,43.0,12.0,Чавдар,19 грудня 2020 р.
50000.0,1,1316.0,18,24,2019,38.0,17.0,10.0,Правди,2 листопада 2020 р.
114900.0,3,1197.0,12,22,2006,96.0,47.0,14.0,Урлівська,30 вересня 2020 р.
41500.0,1,1092.0,4,25,None,38.0,17.0,10.0,Бориспільська,*** not found
125000.0,3,1302.0,12,25,2016,96.0,46.0,14.0,Поправки,11 липня 2020 р.
48000.0,2,923.0,7,16,None,52.0,None,None,Бориспільська,*** not found
59899.0,2,1393.0,9,9,1967,43.0,28.0,7.0,Ентузіастів,23 червня 2020 р.
83000.0,1,1566.0,10,10,2017,53.0,None,None,Малоземельна,21 грудня 2020 р.
335000.0,1,4926.0,22,32,2016,68.0,16.0,35.0,Саксаганського,9 лютого
98500.0,3,1449.0,5,9,1980,68.0,43.0,10.0,Героїв Сталінграда,29 вересня 2020 р.
58000.0,3,841.0,9,9,1971,69.0,None,None,Зодчих,16 лютого
52000.0,1,1576.0,10,24,2010,33.0,15.0,7.0,Калнишевського,27 лютого
195000.0,2,None,None,None,None,None,None,None,Філатова,17 липня 2020 р.
345000.0,4,2054.0,10,18,2005,168.0,89.0,13.0,Старонаводницька,10 листопада 2020 р.
89900.0,2,1138.0,2,34,None,79.0,32.0,20.0,Заболотного,*** not found
58000.0,1,1286.0,24,25,None,None,None,None,Правди,*** not found
66500.0,3,1023.0,5,9,1978,65.0,42.0,8.0,*** not found,8 листопада 2020 р.
290000.0,1,6444.0,22,24,2019,45.0,12.0,18.0,Антоновича,14 жовтня 2020 р.
380000.0,4,1767.0,3,25,2011,215.0,110.0,40.0,Шаповала,8 вересня 2020 р.
230000.0,2,4107.0,3,25,2019,56.0,None,None,Івана Федорова,19 лютого 2020 р.
135000.0,2,1800.0,5,10,2001,75.0,27.0,34.0,Деревлянська,1 липня 2019 р.
165000.0,3,1602.0,9,17,2011,103.0,60.0,25.0,Вільямса,1 серпня 2020 р.
107000.0,3,1189.0,12,14,2010,90.0,52.0,11.0,Васильченка,18 липня 2018 р.
139990.0,1,3182.0,24,24,2017,44.0,20.0,15.0,Предславинська,13 березня 2020 р.
31000.0,1,886.0,14,25,None,35.0,None,None,Крайня,*** not found
58000.0,2,866.0,15,25,2009,67.0,32.0,12.0,Милославська,28 вересня 2020 р.
145000.0,3,1593.0,3,25,2018,91.0,68.0,17.0,Воскресенська,11 листопада 2020 р.
67900.0,2,1235.0,22,26,None,55.0,25.0,15.0,Маланюка,*** not found
230000.0,3,2035.0,12,24,2007,113.0,53.0,15.0,Дніпровська,29 січня
240000.0,3,2449.0,4,5,1895,98.0,57.0,11.0,Пушкінська,28 січня
65280.0,1,1200.0,None,None,None,None,None,None,Набережно-Корчуватська,*** not found
150000.0,2,2459.0,23,25,2015,61.0,33.0,9.0,Зарічна,31 травня 2017 р.
499990.0,3,3125.0,5,11,2005,160.0,None,None,Тургенєвська,9 березня 2020 р.
66624.0,3,833.1,13,26,None,None,None,None,Радченка,*** not found
140000.0,3,1265.0,6,9,None,None,None,38.0,Зарічна,*** not found
68900.0,1,1531.0,8,9,2016,45.0,25.0,11.0,Метрологічна,31 січня
73860.0,2,1319.0,5,9,None,56.0,30.0,9.0,Йорданська,11 листопада 2020 р.
49500.0,2,1053.0,5,9,1969,47.0,28.0,7.0,Кольцова,26 січня
138000.0,2,2300.0,13,14,2017,60.0,30.0,10.0,Максимовича,*** not found
55500.0,2,911.0,None,None,1971,None,28.0,None,Науки,3 січня
206000.0,3,1943.0,18,20,2008,106.0,58.0,None,Саперно-Слобідська,15 лютого 2016 р.
110000.0,1,3333.0,3,10,1977,33.0,20.0,None,Шовковична,19 січня
250000.0,3,2809.0,3,23,2019,89.0,None,None,Трускавецька,12 лютого
59157.0,2,873.0,11,17,None,None,None,None,Гавела,*** not found
53000.0,1,1152.0,7,25,None,46.0,None,None,Повітрофлотський,*** not found
58000.0,3,1000.0,9,9,1967,58.0,None,8.0,Запорожця,28 жовтня 2020 р.
177000.0,2,2185.0,5,13,2019,81.0,55.0,15.0,Маккейна,21 березня 2020 р.
86000.0,1,1654.0,8,36,None,52.0,19.0,14.0,Перемоги,*** not found
70000.0,3,745.0,4,20,2014,94.0,45.0,14.0,Щербаківського,19 вересня 2020 р.
73000.0,1,1521.0,20,26,2018,48.0,10.0,23.0,Зарічна,24 лютого
45000.0,1,1125.0,9,10,1994,40.0,18.0,9.0,Будищанська,31 січня
115000.0,1,2300.0,10,24,2019,50.0,17.0,21.0,Жилянська,26 жовтня 2020 р.
79000.0,1,1775.0,5,18,2015,None,None,15.0,Комбінатна,20 лютого
88000.0,2,989.0,4,25,2014,89.0,60.0,15.0,Ревуцького,23 грудня 2020 р.
29900.0,1,906.0,4,4,1960,33.0,19.0,6.0,Бородіна,11 вересня 2020 р.
189000.0,4,None,None,None,None,None,None,None,Руставелі,30 січня 2020 р.
95000.0,2,1730.0,10,16,1993,None,29.0,None,Драгоманова,21 вересня 2020 р.
128000.0,2,1829.0,21,24,2014,70.0,30.0,19.0,Преображенська,1 січня 2020 р.
68000.0,3,1172.0,1,3,None,58.0,35.0,6.0,Депутатська,24 лютого
85000.0,2,1312.0,17,25,None,None,38.0,14.0,Багговутівська,*** not found
160000.0,3,2078.0,3,5,None,77.0,None,None,*** not found,26 лютого 2020 р.
135000.0,2,2596.0,24,25,2014,52.0,40.0,20.0,Сікорського,7 липня 2020 р.
800000.0,5,4000.0,None,None,None,200.0,None,None,Драгомирова,26 березня 2020 р.
250000.0,3,2336.0,10,24,2016,107.0,66.0,13.0,Коперніка,21 липня 2020 р.
127000.0,2,1814.0,7,17,2002,70.0,36.0,15.0,Васильківська,20 травня 2020 р.
98000.0,1,1661.0,16,24,None,59.0,18.0,None,Глибочицька,*** not found
125000.0,3,1389.0,18,25,2016,90.0,None,18.0,Чавдар,17 вересня 2020 р.
229000.0,2,3181.0,5,6,1935,72.0,42.0,10.0,Шовковична,10 червня 2020 р.
115000.0,2,1420.0,23,25,2007,81.0,41.0,16.0,Дніпровська,9 липня 2019 р.
90000.0,2,None,None,None,None,None,None,None,Антоновича,9 жовтня 2020 р.
56000.0,2,1098.0,2,10,1987,51.0,30.0,8.0,,29 січня
53000.0,2,1000.0,9,14,1990,53.0,29.0,8.0,Славгородська,10 січня
250000.0,3,3125.0,None,None,None,80.0,None,None,Драгомирова,7 червня 2019 р.
205000.0,3,1627.0,23,25,2010,126.0,74.0,14.0,Срібнокільська,24 березня 2018 р.
59950.0,3,517.0,10,16,2016,116.0,None,17.0,Харченка,8 травня 2020 р.
250000.0,1,3571.0,4,14,2012,70.0,22.0,27.0,Окіпної,2 березня 2016 р.
205000.0,1,3796.0,13,14,2017,54.0,18.0,25.0,Саперне Поле,7 липня 2020 р.
38500.0,1,1196.0,4,5,1960,None,None,None,Олени Теліги,3 грудня 2020 р.
99999.0,2,1667.0,15,26,2013,60.0,39.0,16.0,Кондратюка,15 червня 2020 р.
120000.0,3,1739.0,1,9,1977,69.0,None,None,Мечнікова,3 липня 2020 р.
150000.0,3,1829.0,5,12,1997,82.0,42.0,9.0,Героїв Сталінграда,4 листопада 2020 р.
285000.0,4,1900.0,8,9,None,150.0,None,22.0,Рибальська,*** not found
72500.0,2,1394.0,4,4,2019,52.0,30.0,None,Березова,4 лютого
750000.0,3,5000.0,10,14,2017,150.0,95.0,18.0,Саперне Поле,27 березня 2018 р.
493000.0,4,4287.0,12,24,2019,115.0,80.0,20.0,Антоновича,21 жовтня 2020 р.
290000.0,3,3333.0,22,25,2019,87.0,55.0,15.0,Маккейна,17 вересня 2020 р.
247000.0,3,2100.0,13,17,2019,None,63.0,15.0,Лейпцизька,26 липня 2020 р.
90000.0,2,1139.0,13,23,2015,79.0,34.0,18.0,Драгоманова,13 листопада 2020 р.
80000.0,3,1250.0,9,9,1972,64.0,None,None,Коновальця,14 вересня 2015 р.
103900.0,3,1071.0,21,25,None,97.0,51.0,16.0,Василя Стуса,*** not found
265000.0,3,2944.0,13,17,2006,90.0,38.0,42.0,Тютюнника,26 вересня 2019 р.
105000.0,3,1641.0,1,5,1957,64.0,40.0,8.0,Січових Стрільців,31 липня 2020 р.
78000.0,2,1696.0,5,11,2018,46.0,20.0,20.0,Райдужна,21 вересня 2020 р.
44900.0,1,1182.0,7,10,1988,38.0,17.0,8.0,Закревського,21 лютого
494000.0,6,1502.0,8,10,1996,329.0,193.0,47.0,Тургенєвська,8 липня 2020 р.
46500.0,2,1257.0,5,5,1962,37.0,22.0,7.0,Васильківська,12 листопада 2020 р.
55000.0,2,1078.0,9,10,1982,51.0,31.0,8.0,Зої Космодем'янської,28 грудня 2020 р.
59280.0,2,874.0,5,26,None,None,None,None,Радченка,*** not found
56000.0,1,1273.0,11,25,None,44.0,None,None,Сверстюка,*** not found
47500.0,1,1105.0,10,18,2006,43.0,20.0,10.0,Милославська,19 вересня 2020 р.
100000.0,2,1099.0,8,9,1970,91.0,None,None,Метрологічна,27 серпня 2015 р.
103000.0,1,2341.0,None,None,None,44.0,None,None,Деміївська,21 березня 2020 р.
95000.0,3,1118.0,2,15,2019,85.0,47.0,13.0,Перемоги,9 вересня 2020 р.
76800.0,3,985.0,2,5,1958,78.0,78.0,9.0,Вишгородська,10 липня 2020 р.
257500.0,2,4769.0,8,25,2015,54.0,None,None,Маккейна,7 липня 2020 р.
52500.0,1,1094.0,9,22,None,48.0,None,21.0,,*** not found
302200.0,4,2001.0,5,22,2013,151.0,None,None,Перемоги,25 лютого
63500.0,2,814.0,22,25,None,78.0,36.0,12.0,Балтійський,*** not found
550000.0,4,3416.0,8,26,2009,161.0,67.0,40.0,Звіринецька,14 травня 2020 р.
98700.0,2,1484.0,15,25,2019,None,None,19.0,Ревуцького,26 лютого
80000.0,1,2105.0,11,21,2017,38.0,12.0,15.0,Правди,8 липня 2020 р.
35000.0,1,946.0,8,9,1992,37.0,19.0,7.0,Милославська,22 лютого
56000.0,2,851.0,14,24,None,None,None,None,Вербицького,*** not found
36000.0,1,1333.0,4,5,1960,27.0,None,None,Новгородська,вчора о 01:01
87000.0,1,1839.0,2,25,2015,None,25.0,10.0,Бажана,1 лютого
220000.0,5,1222.0,5,6,None,180.0,72.0,12.0,Канівська,*** not found
109000.0,3,1253.0,7,16,None,87.0,None,None,Максимовича,*** not found
125000.0,2,1689.0,23,25,2016,74.0,None,None,Донця,31 серпня 2020 р.
600000.0,3,4800.0,2,14,None,125.0,None,None,Драгомирова,*** not found
60000.0,1,1277.0,5,16,None,47.0,22.0,None,Тираспольська,*** not found
15700000.0,3,157000.0,2,4,1917,100.0,76.0,12.0,Саксаганського,24 лютого
45000.0,1,1214.9,5,16,1990,None,None,None,Тираспольська,18 січня
160000.0,3,1356.0,11,25,2015,118.0,85.0,33.0,Зарічна,27 листопада 2020 р.
65000.0,2,1413.0,11,16,1981,46.0,27.0,9.0,Гонгадзе,7 січня
495000.0,3,4420.0,13,39,2017,112.0,None,None,Українки,6 лютого 2019 р.
59000.0,2,1283.0,3,5,1965,46.0,None,None,Світлицького,14 грудня 2020 р.
68000.0,2,1447.0,5,10,1970,47.0,35.0,7.0,Воробйова,8 червня 2015 р.
81000.0,3,1012.0,17,25,2018,80.0,60.0,14.0,Каховська,22 січня
67000.0,1,1675.0,9,23,None,40.0,None,12.0,Глибочицька,*** not found
170000.0,3,1339.0,3,3,1954,127.0,86.0,30.0,Білокур,22 грудня 2020 р.
54500.0,1,996.0,23,25,None,None,None,12.0,Балтійський,*** not found
232000.0,3,1706.0,11,13,2014,136.0,70.0,None,Антоновича,4 січня
75000.0,2,789.0,18,25,None,None,None,None,Кондратюка,*** not found
99000.0,1,2152.0,3,4,1898,46.0,25.0,10.0,Гончара,8 липня 2020 р.
55000.0,1,1310.0,6,25,2019,42.0,13.0,9.0,Ревуцького,29 січня
475000.0,3,5000.0,3,13,2017,95.0,66.0,13.0,*** not found,*** not found
70000.0,1,1659.0,1,19,2006,None,18.0,10.0,Драгоманова,1 червня 2020 р.
79900.0,2,1211.0,24,25,2013,66.0,36.0,13.0,Сім’ї Кульженків,13 грудня 2020 р.
215767.9,3,2157.7,8,16,2000,100.0,57.0,12.0,Панельна,6 грудня 2015 р.
155000.0,3,1550.0,13,16,2012,100.0,55.0,16.0,Вільямса,4 червня 2020 р.
100000.0,1,1667.0,13,25,2008,60.0,21.0,17.0,Голосіївська,вчора о 21:10
1010000.0,4,5674.0,23,26,2017,178.0,92.0,22.0,Оболонський,24 грудня 2019 р.
45000.0,1,1500.0,1,9,1975,30.0,16.0,5.0,Миколи Голего,15 лютого
80000.0,1,1333.0,4,24,2012,60.0,None,None,Дніпровська,21 січня
115000.0,2,1575.0,21,25,2015,73.0,37.0,15.0,Малиновського,25 січня 2017 р.
620000.0,5,3605.0,14,17,2001,172.0,93.0,13.0,Назарівська,21 жовтня 2020 р.
250500.0,6,1668.0,13,14,1978,None,81.0,13.0,Гоголівська,14 січня
39000.0,1,1345.0,1,5,1963,29.0,16.0,5.0,Дорогожицька,29 січня
30970.0,1,1106.0,12,13,2013,28.0,13.0,5.0,Петропавлівська,1 лютого
360000.0,5,2400.0,5,6,1936,150.0,120.0,15.0,Грушевського,13 грудня 2018 р.
250000.0,2,2976.0,15,23,2008,84.0,60.0,15.0,Іллєнка,8 лютого
95000.0,1,1863.0,22,25,2018,51.0,14.0,20.0,Липківського,4 серпня 2020 р.
63900.0,1,761.0,13,14,2013,84.0,44.0,18.0,Ушинського,17 липня 2020 р.
81000.0,2,1528.0,13,25,2020,53.0,None,None,Польова,19 вересня 2020 р.
219000.0,1,3776.0,2,9,2019,58.0,20.0,20.0,Саперне Поле,16 жовтня 2020 р.
162000.0,3,1604.0,19,26,2017,101.0,55.0,25.0,Панельна,29 грудня 2020 р.
199000.0,2,2073.0,10,25,2005,96.0,43.0,16.0,Коновальця,2 вересня 2020 р.
260000.0,3,2321.0,14,18,2013,112.0,60.0,17.0,Хмельницького,12 лютого 2018 р.
163000.0,1,3622.0,2,22,2015,45.0,22.0,12.0,Маккейна,27 листопада 2019 р.
499000.0,2,4990.0,22,25,2019,100.0,None,None,Антоновича,2 жовтня 2019 р.
310000.0,3,1925.0,3,18,2009,161.0,120.0,35.0,Толстого,28 жовтня 2020 р.
99800.0,3,1535.0,6,8,1962,65.0,None,None,Дружби Народів,17 січня
130000.0,1,3023.0,9,26,None,43.0,None,None,Оболонський,*** not found
70000.0,2,1273.0,4,5,1938,55.0,39.0,8.0,Багговутівська,17 грудня 2020 р.
44500.0,2,1025.0,1,5,1961,None,29.0,6.0,Антонова,2 вересня 2020 р.
199000.0,2,2488.0,2,5,1937,80.0,40.0,None,Володимирська,4 листопада 2019 р.
120000.0,2,2500.0,9,9,1972,48.0,None,None,Українки,5 серпня 2020 р.
68750.0,2,892.9,7,16,None,77.0,34.0,12.0,Сім’ї Кульженків,*** not found
162000.0,3,1800.0,11,26,2005,90.0,48.0,23.0,Коновальця,16 квітня 2018 р.
209000.0,2,2580.0,2,10,2003,81.0,40.0,15.0,Мирного,5 серпня 2020 р.
275000.0,2,2926.0,15,16,2006,94.0,None,48.0,Московська,16 січня
38000.0,1,1056.0,8,9,1984,36.0,18.0,8.0,Жмеринська,28 лютого
114000.0,3,1583.0,6,7,1959,72.0,51.0,9.0,Бойчука,30 жовтня 2020 р.
161000.0,2,1809.0,17,25,2018,89.0,None,None,Липківського,15 травня 2020 р.
330000.0,3,3000.0,18,24,2018,110.0,60.0,40.0,Лабораторний,15 травня 2020 р.
1500000.0,5,5000.0,None,None,None,300.0,None,None,Інститутська,10 грудня 2020 р.
99000.0,3,1375.0,9,10,1977,72.0,None,None,Українки,14 квітня 2020 р.
295000.0,3,2757.0,6,6,1914,107.0,74.0,11.0,Хрещатик,7 липня 2020 р.
62000.0,1,1512.0,2,25,None,41.0,14.0,14.0,Дніпровська,*** not found
108000.0,1,2160.0,2,25,2019,50.0,30.0,10.0,Осокорська,14 січня
255000.0,4,2024.0,16,25,2016,126.0,70.0,15.0,Саперне Поле,31 травня 2017 р.
68000.0,3,907.0,5,15,1993,75.0,43.0,8.0,Комарова,24 квітня 2019 р.
164000.0,2,2702.0,30,30,None,None,None,12.0,Драгомирова,*** not found
139000.0,3,1252.0,23,36,2007,111.0,60.0,18.0,Срібнокільська,25 серпня 2019 р.
115000.0,2,1337.0,11,25,2008,86.0,None,None,Чоколівський,12 лютого
104000.0,1,1857.0,10,24,None,56.0,16.0,16.0,Звіринецька,*** not found
85000.0,1,1518.0,7,14,None,56.0,20.0,14.0,Вишгородська,*** not found
190000.0,2,3585.0,3,20,2019,53.0,18.0,20.0,Драгомирова,*** not found
229000.0,3,2140.0,7,25,2007,107.0,50.0,None,Героїв Сталінграда,2 березня 2016 р.
65000.0,2,1161.0,3,4,1952,56.0,34.0,9.0,Будівельників,28 грудня 2020 р.
250000.0,2,2976.0,15,23,2008,84.0,60.0,15.0,Іллєнка,8 лютого
105000.0,3,1117.0,6,22,2010,94.0,47.0,15.0,Урлівська,10 листопада 2020 р.
57000.0,2,919.0,15,21,None,62.0,26.0,26.0,Сормовська,*** not found
65000.0,1,1182.0,5,18,None,55.0,None,21.0,Правди,*** not found
98000.0,2,1388.0,8,25,2006,None,None,None,Верховинна,22 вересня 2020 р.
55000.0,2,1058.0,2,9,1986,52.0,29.0,8.0,Вербицького,вчора о 14:30
55000.0,1,1618.0,5,33,None,34.0,None,9.0,*** not found,*** not found
115000.0,2,2170.0,7,7,1961,53.0,35.0,None,Велика Васильківська,4 вересня 2020 р.
158364.0,2,1760.0,4,11,None,90.0,45.0,20.0,Бойчука,*** not found
80000.0,1,2000.0,11,25,2011,40.0,19.0,11.0,Лобановського,5 травня 2016 р.
41000.0,2,909.0,2,3,1959,None,None,None,Миколи Шепелєва,28 січня
435000.0,2,3625.0,2,10,1998,120.0,85.0,10.0,Кропивницького,5 липня 2020 р.
100000.0,1,2000.0,3,23,2016,50.0,28.0,20.0,Трускавецька,4 березня 2019 р.
110000.0,1,1930.0,19,25,2008,57.0,None,None,Голосіївська,29 жовтня 2020 р.
88107.1,2,1223.7,23,26,None,72.0,34.0,15.0,Маланюка,*** not found
130000.0,1,2653.0,4,16,None,49.0,18.0,16.0,Драгомирова,*** not found
125000.0,2,1866.0,4,9,2018,67.0,None,None,Юнацька,14 січня
89000.0,2,1413.0,12,14,2013,63.0,None,11.0,Максимовича,19 грудня 2020 р.
110000.0,3,1122.0,4,25,2010,98.0,59.0,14.0,Комарова,12 вересня 2020 р.
70000.0,2,1167.0,7,12,2019,60.0,26.0,None,Багговутівська,29 вересня 2020 р.
46000.0,1,1000.0,8,26,None,46.0,None,None,,*** not found
84000.0,2,1400.0,14,24,None,60.0,None,10.0,Костанайська,*** not found
160000.0,3,1250.0,3,10,2010,128.0,69.0,18.0,Срібнокільська,31 січня 2020 р.
42000.0,2,913.0,9,9,1970,46.0,None,None,Курчатова,18 лютого
61000.0,1,1743.0,8,9,1974,35.0,17.0,6.0,Гусовського,23 лютого
130000.0,3,1512.0,5,9,1972,86.0,43.0,9.0,Українки,2 грудня 2020 р.
120000.0,3,1091.0,3,16,2002,110.0,54.0,13.0,Драгоманова,28 жовтня 2020 р.
250000.0,2,2874.0,11,23,2012,87.0,56.0,31.0,Дніпровська,17 квітня 2020 р.
125000.0,3,1322.0,19,34,None,None,None,None,Заболотного,*** not found
79235.0,2,1152.0,14,34,None,None,None,None,Заболотного,*** not found
113261.0,2,1421.0,9,36,1961,None,None,None,Перемоги,28 листопада 2020 р.
62000.0,1,1403.0,24,25,None,None,None,None,Сверстюка,*** not found
131000.0,2,2620.0,15,25,2016,50.0,None,21.0,Липківського,29 січня
300000.0,1,4000.0,18,24,2015,75.0,28.0,25.0,Маккейна,26 вересня 2020 р.
108000.0,3,1200.0,3,24,None,90.0,54.0,10.0,Дніпровська,*** not found
47000.0,1,1621.0,2,5,1964,29.0,15.0,5.0,Волгоградська,15 жовтня 2020 р.
57000.0,2,919.0,2,25,None,62.0,45.0,14.0,Новопольова,*** not found
135482.1,2,1782.6,1,25,2015,76.0,None,None,Драгоманова,24 лютого 2020 р.
149000.0,4,1192.0,3,8,2019,125.0,72.0,17.0,Лебедєва,17 грудня 2020 р.
85000.0,2,1977.0,1,5,1962,43.0,27.0,4.0,*** not found,1 жовтня 2018 р.
123900.0,2,1721.0,6,30,None,72.0,46.0,15.0,Драгомирова,*** not found
150000.0,1,2727.0,3,17,2019,55.0,None,None,Лейпцизька,6 грудня 2019 р.
285000.0,3,2568.0,4,22,2014,111.0,60.0,35.0,Глибочицька,19 жовтня 2020 р.
115000.0,3,1106.0,5,9,2005,104.0,65.0,20.0,Салютна,23 січня
45900.0,2,1020.0,1,5,1965,45.0,30.0,4.0,Метрологічна,5 жовтня 2020 р.
60000.0,2,952.0,18,25,None,63.0,26.0,17.0,Північно-Сирецька,*** not found
115000.0,2,1742.0,15,25,2018,66.0,30.0,18.0,Правди,24 грудня 2020 р.
44000.0,1,1023.0,24,26,2018,43.0,28.0,12.0,Вернадського,27 жовтня 2020 р.
85000.0,2,1700.0,4,25,2016,50.0,25.0,10.0,Пчілки,15 лютого
183693.7,2,2213.2,8,25,2019,83.0,44.0,15.0,Лейпцизька,2 червня 2020 р.
200000.0,3,2083.0,2,5,1959,96.0,73.0,7.0,Басейна,3 липня 2020 р.
138000.0,2,2060.0,13,25,2011,67.0,None,None,Шаповала,8 грудня 2020 р.
39500.0,1,1013.0,20,25,None,39.0,None,10.0,Бережанська,*** not found
123500.0,2,1506.0,6,26,None,82.0,None,18.0,Бойчука,*** not found
80000.0,2,1250.0,11,16,None,64.0,35.0,16.0,Перемоги,*** not found
1976000.0,5,3800.0,17,25,2019,520.0,None,20.0,Івана Федорова,28 листопада 2020 р.
320000.0,2,3232.0,13,24,2019,99.0,47.0,13.0,Антоновича,16 листопада 2020 р.
110000.0,2,1735.0,1,12,2003,None,None,None,Вільямса,14 лютого
92000.0,2,1686.8,18,26,None,None,None,31.0,Бойчука,*** not found
101000.0,1,1772.0,33,36,None,57.0,None,None,Перемоги,*** not found
849000.0,None,None,None,None,2001,None,None,None,Ковпака,6 лютого 2019 р.
85000.0,2,1545.0,6,16,1973,55.0,22.0,7.0,Русанівський,24 вересня 2020 р.
330000.0,3,2481.0,7,21,2010,133.0,70.0,22.0,Українки,7 липня 2020 р.
33900.0,1,1169.0,4,5,1969,29.0,16.0,7.0,Празька,26 лютого
165000.0,4,2062.0,4,4,None,80.0,56.0,11.0,Гончара,*** not found
270000.0,2,3333.0,11,13,2019,81.0,32.0,20.0,Маккейна,15 вересня 2020 р.
40000.0,1,995.0,14,25,None,None,None,12.0,Балтійський,*** not found
104000.0,1,2122.0,13,26,2015,49.0,25.0,14.0,Білоруська,29 вересня 2020 р.
75000.0,1,1442.0,4,25,2016,52.0,18.0,14.0,Драгоманова,8 жовтня 2020 р.
115000.0,2,1613.0,4,25,None,None,None,None,Липківського,*** not found
58000.0,1,1758.0,8,9,1972,33.0,19.0,None,Новогоспітальна,29 вересня 2017 р.
30540.0,1,1021.4,9,26,None,None,None,None,Радченка,*** not found
259999.0,5,1625.0,5,6,1936,160.0,85.0,40.0,Богомольця,12 серпня 2020 р.
140000.0,3,1842.0,26,26,2016,76.0,49.0,10.0,Донця,17 листопада 2020 р.
160000.0,2,2078.0,3,26,None,77.0,36.0,13.0,Оболонський,*** not found
200714.3,4,2007.1,2,2,None,100.0,80.0,20.0,Щекавицька,*** not found
65000.0,3,1048.0,3,9,1960,62.0,43.0,9.0,Пожарського,14 грудня 2020 р.
74000.0,3,1000.0,7,9,1975,74.0,48.0,8.0,Полкова,21 грудня 2020 р.
66500.0,3,1147.0,3,5,1961,58.0,42.0,7.0,Донця,15 вересня 2020 р.
67000.0,2,1218.0,3,16,1993,55.0,30.0,8.0,Палладіна,28 жовтня 2020 р.
110000.0,2,1630.0,12,24,None,None,None,37.0,Бойчука,*** not found
127000.0,2,1512.0,14,24,2018,84.0,43.0,14.0,Липківського,18 лютого
180000.0,2,1915.0,4,10,2005,94.0,45.0,15.0,Павлівська,4 грудня 2017 р.
63000.0,3,875.0,3,9,1977,72.0,45.0,7.0,Івашкевича,2 лютого
42900.0,2,998.0,1,5,None,43.0,29.0,None,Іскрівська,23 січня
95000.0,3,1234.0,16,25,2017,77.0,45.0,12.0,Максимовича,19 січня
255000.0,4,2318.0,3,4,1900,110.0,68.0,13.0,*** not found,12 вересня 2019 р.
100357.1,2,1593.0,6,30,None,63.0,35.0,8.0,Драгомирова,*** not found
115000.0,1,2614.0,2,7,2019,44.0,14.0,21.0,Теремківська,27 вересня 2020 р.
113300.0,3,1218.0,15,21,None,93.0,55.0,11.0,Осокорська,*** not found
268000.0,4,1381.0,18,20,2010,194.0,93.0,35.0,Дмитрівська,11 грудня 2020 р.
140000.0,3,1273.0,3,26,None,110.0,None,None,Кондратюка,*** not found
146000.0,3,1718.0,1,9,2015,85.0,40.0,17.0,Регенераторна,5 листопада 2020 р.
63000.0,3,900.0,23,23,None,70.0,34.0,14.0,,*** not found
495000.0,3,3367.0,14,23,2014,147.0,50.0,40.0,Глибочицька,23 вересня 2020 р.
275000.0,3,2644.0,5,24,2008,104.0,70.0,14.0,Героїв Сталінграда,27 травня 2019 р.
73500.0,2,1361.0,2,9,1966,54.0,32.0,8.0,Борщагівська,23 грудня 2020 р.
57000.0,2,1056.0,7,26,None,54.0,28.0,9.0,Ревуцького,*** not found
121860.0,2,1741.0,2,9,2018,70.0,45.0,14.0,Юнацька,26 січня
73000.0,2,1000.0,21,25,None,73.0,None,None,Заболотного,*** not found
39000.0,1,1147.0,3,5,1960,34.0,18.0,8.0,Автозаводська,10 серпня 2020 р.
92284.0,2,1138.0,6,34,None,None,None,None,Заболотного,*** not found
210000.0,2,1736.0,14,24,2008,121.0,60.0,30.0,Саксаганського,30 квітня 2020 р.
139900.0,4,1260.0,6,9,None,111.0,None,None,Зарічна,*** not found
145000.0,2,1686.0,17,23,2005,86.0,48.0,12.0,*** not found,23 листопада 2020 р.
140000.0,2,2188.0,10,14,None,64.0,34.0,15.0,Невська,*** not found
76000.0,3,1086.0,6,9,1980,70.0,34.0,10.0,Героїв Сталінграда,7 серпня 2020 р.
65500.0,1,1770.0,20,27,2019,37.0,14.0,9.0,Вишняківська,22 грудня 2020 р.
796000.0,4,4020.0,7,15,None,198.0,65.0,67.0,Драгомирова,*** not found
97926.0,1,1900.0,9,30,None,None,None,None,Драгомирова,*** not found
46000.0,1,1438.0,2,5,1963,32.0,19.0,6.0,Гавела,19 лютого
115000.0,3,1135.0,13,25,2004,None,None,None,Здолбунівська,22 листопада 2016 р.
430000.0,3,3909.0,8,22,2014,110.0,62.0,14.0,Драгомирова,15 лютого
3210000.0,5,8025.0,10,10,1961,400.0,250.0,50.0,Мечнікова,28 лютого
475000.0,3,5000.0,3,13,2017,95.0,66.0,13.0,*** not found,*** not found
127900.0,2,1776.0,13,24,2017,72.0,35.0,17.0,Максимовича,21 листопада 2020 р.
75000.0,2,1250.0,4,5,1938,60.0,45.0,9.0,Багговутівська,16 лютого 2019 р.
90005.0,None,1915.0,8,15,None,47.0,17.0,20.0,Шолуденка,*** not found
284999.0,2,3202.0,3,18,2005,89.0,50.0,16.0,Щекавицька,4 червня 2020 р.
51000.0,3,850.0,2,9,1972,60.0,40.0,6.0,Коласа,25 вересня 2020 р.
320000.0,3,3107.0,8,24,2013,103.0,None,16.0,*** not found,30 травня 2017 р.
43000.0,2,782.0,24,26,None,55.0,None,11.0,*** not found,*** not found
91000.0,1,1750.0,33,35,None,52.0,20.0,22.0,Перемоги,*** not found
185000.0,2,2256.0,6,9,None,82.0,35.0,24.0,*** not found,*** not found
49990.0,3,757.0,8,9,1976,66.0,45.0,8.0,Наумова,14 квітня 2020 р.
89000.0,1,2342.0,7,15,None,38.0,20.0,7.0,Перемоги,*** not found
170000.0,2,2656.0,5,7,1948,64.0,None,9.0,Велика Васильківська,6 березня 2019 р.
29256.6,1,978.5,1,5,None,None,None,None,Червоноткацька,*** not found
46500.0,2,1011.0,5,5,1963,46.0,31.0,7.0,Вишгородська,24 лютого
